time;individual;hormone;
0;0;0.539884;
0;1;0.522933;
1;1;0.507241;
2;1;0.492714;
3;1;0.479267;
4;1;0.466818;
5;1;0.455294;
6;1;0.444626;
7;1;0.434751;
8;1;0.425609;
9;1;0.417146;
10;1;0.409312;
11;1;0.402059;
12;1;0.395346;
13;1;0.389131;
14;1;0.383378;
15;1;0.378052;
16;1;0.373122;
17;1;0.368558;
18;1;0.364333;
19;1;0.360421;
20;1;0.356801;
21;1;0.353449;
22;1;0.350346;
23;1;0.347474;
24;1;0.344815;
25;1;0.342354;
26;1;0.340075;
27;1;0.337966;
28;1;0.336013;
29;1;0.334206;
30;1;0.332532;
31;1;0.330983;
32;1;0.329549;
33;1;0.328222;
34;1;0.326993;
35;1;0.325856;
36;1;0.324803;
37;1;0.323828;
38;1;0.322925;
39;1;0.32209;
40;1;0.321317;
41;1;0.320601;
42;1;0.319938;
43;1;0.319324;
44;1;0.318757;
45;1;0.318231;
46;1;0.317744;
47;1;0.317294;
48;1;0.316877;
49;1;0.31649;
50;1;0.316133;
51;1;0.315802;
52;1;0.315496;
53;1;0.315212;
54;1;0.31495;
55;1;0.314707;
56;1;0.314482;
57;1;0.314274;
58;1;0.314081;
59;1;0.313903;
60;1;0.313737;
61;1;0.313585;
62;1;0.313443;
63;1;0.313312;
64;1;0.313191;
65;1;0.313078;
66;1;0.312974;
67;1;0.312878;
68;1;0.312789;
69;1;0.312707;
70;1;0.31263;
71;1;0.31256;
72;1;0.312494;
73;1;0.312434;
74;1;0.312378;
75;1;0.312326;
76;1;0.312278;
77;1;0.312233;
78;1;0.312192;
79;1;0.312154;
80;1;0.312119;
81;1;0.312086;
82;1;0.312056;
83;1;0.312028;
84;1;0.312002;
85;1;0.311978;
86;1;0.311956;
87;1;0.311935;
88;1;0.311916;
89;1;0.311898;
90;1;0.311882;
91;1;0.311867;
92;1;0.311853;
93;1;0.31184;
94;1;0.311828;
95;1;0.311817;
96;1;0.311807;
97;1;0.311797;
98;1;0.311789;
99;1;0.31178;
100;1;1;
101;1;0.948871;
102;1;0.901539;
103;1;0.857724;
104;1;0.817163;
105;1;0.779615;
106;1;0.744856;
107;1;0.712679;
108;1;0.682892;
109;1;0.655318;
110;1;0.629792;
111;1;0.606162;
112;1;0.584288;
113;1;0.564038;
114;1;0.545292;
115;1;0.527939;
116;1;0.511875;
117;1;0.497004;
118;1;0.483238;
119;1;0.470495;
120;1;0.458698;
121;1;0.447777;
122;1;0.437667;
123;1;0.428309;
124;1;0.419645;
125;1;0.411625;
126;1;0.404201;
127;1;0.397329;
128;1;0.390966;
129;1;0.385077;
130;1;0.379625;
131;1;0.374578;
132;1;0.369906;
133;1;0.36558;
134;1;0.361577;
135;1;0.35787;
136;1;0.354439;
137;1;0.351263;
138;1;0.348322;
139;1;0.3456;
140;1;0.343081;
141;1;0.340748;
142;1;0.338589;
143;1;0.33659;
144;1;0.33474;
145;1;0.333027;
146;1;0.331441;
147;1;0.329973;
148;1;0.328614;
149;1;0.327356;
150;1;0.326192;
151;1;0.325114;
152;1;0.324116;
153;1;0.323192;
154;1;0.322337;
155;1;0.321545;
156;1;0.320812;
157;1;0.320134;
158;1;0.319506;
159;1;0.318924;
160;1;0.318386;
161;1;0.317888;
162;1;0.317427;
163;1;0.317;
164;1;0.316604;
165;1;0.316239;
166;1;0.3159;
167;1;0.315586;
168;1;0.315296;
169;1;0.315027;
170;1;0.314779;
171;1;0.314548;
172;1;0.314335;
173;1;0.314138;
174;1;0.313955;
175;1;0.313786;
176;1;0.31363;
177;1;0.313485;
178;1;0.313351;
179;1;0.313227;
180;1;0.313112;
181;1;0.313005;
182;1;0.312907;
183;1;0.312815;
184;1;0.312731;
185;1;0.312653;
186;1;0.312581;
187;1;0.312514;
188;1;0.312452;
189;1;0.312394;
190;1;0.312341;
191;1;0.312292;
192;1;0.312246;
193;1;0.312204;
194;1;0.312165;
195;1;0.312129;
196;1;0.312096;
197;1;0.312065;
198;1;0.312036;
199;1;0.31201;
200;1;0.311985;
201;1;0.311962;
202;1;0.311941;
203;1;0.311922;
204;1;0.311904;
205;1;0.311887;
206;1;0.311872;
207;1;0.311857;
208;1;0.311844;
209;1;0.311832;
210;1;0.31182;
211;1;0.31181;
212;1;0.3118;
213;1;0.311791;
214;1;0.311783;
215;1;0.311775;
216;1;0.311768;
217;1;0.311761;
218;1;0.311755;
219;1;0.31175;
220;1;0.311744;
221;1;0.311739;
222;1;0.311735;
223;1;0.311731;
224;1;0.311727;
225;1;0.311723;
226;1;0.31172;
227;1;0.311717;
228;1;0.311714;
229;1;0.311712;
230;1;0.311709;
231;1;0.311707;
232;1;0.311705;
233;1;0.311703;
234;1;0.311701;
235;1;0.3117;
236;1;0.311698;
237;1;0.311697;
238;1;0.311695;
239;1;0.311694;
240;1;0.311693;
241;1;0.311692;
242;1;0.311691;
243;1;0.31169;
244;1;0.311689;
245;1;0.311688;
246;1;0.311688;
247;1;0.311687;
248;1;0.311687;
249;1;0.311686;
250;1;0.311685;
251;1;0.311685;
252;1;0.311685;
253;1;0.311684;
254;1;0.311684;
255;1;0.311683;
256;1;0.311683;
257;1;0.311683;
258;1;0.311682;
259;1;0.311682;
260;1;0.311682;
261;1;0.311682;
262;1;0.311682;
263;1;0.311681;
264;1;0.311681;
265;1;0.311681;
266;1;0.311681;
267;1;0.311681;
268;1;0.311681;
269;1;0.31168;
270;1;0.31168;
271;1;0.31168;
272;1;0.31168;
273;1;0.31168;
274;1;0.31168;
275;1;0.31168;
276;1;0.31168;
277;1;0.31168;
278;1;0.31168;
279;1;0.31168;
280;1;0.31168;
281;1;0.31168;
282;1;0.31168;
283;1;0.31168;
284;1;0.311679;
285;1;0.311679;
286;1;0.311679;
287;1;0.311679;
288;1;0.311679;
289;1;0.311679;
290;1;0.311679;
291;1;0.311679;
292;1;0.311679;
293;1;0.311679;
294;1;0.311679;
295;1;0.311679;
296;1;0.311679;
297;1;0.311679;
298;1;0.311679;
299;1;0.311679;
300;1;0.311679;
301;1;0.311679;
302;1;0.311679;
303;1;0.311679;
304;1;0.311679;
305;1;0.311679;
306;1;0.311679;
307;1;0.311679;
308;1;0.311679;
309;1;0.311679;
310;1;0.311679;
311;1;0.311679;
312;1;0.311679;
313;1;0.311679;
314;1;0.311679;
315;1;0.311679;
316;1;0.311679;
317;1;0.311679;
318;1;0.311679;
319;1;0.311679;
320;1;0.311679;
321;1;0.311679;
322;1;0.311679;
323;1;0.311679;
324;1;0.311679;
325;1;0.311679;
326;1;0.311679;
327;1;0.311679;
328;1;0.311679;
329;1;0.311679;
330;1;0.311679;
331;1;0.311679;
332;1;0.311679;
333;1;0.311679;
334;1;0.311679;
335;1;0.311679;
336;1;0.311679;
337;1;0.311679;
338;1;0.311679;
339;1;0.311679;
340;1;0.311679;
341;1;0.311679;
342;1;0.311679;
343;1;0.311679;
344;1;0.311679;
345;1;0.311679;
346;1;0.311679;
347;1;0.311679;
348;1;0.311679;
349;1;0.311679;
350;1;0.311679;
351;1;0.311679;
352;1;0.311679;
353;1;0.311679;
354;1;0.311679;
355;1;0.311679;
356;1;0.311679;
357;1;0.311679;
358;1;0.311679;
359;1;0.311679;
360;1;0.311679;
361;1;0.311679;
362;1;0.311679;
363;1;0.311679;
364;1;0.311679;
365;1;0.311679;
366;1;0.311679;
367;1;0.311679;
368;1;0.311679;
369;1;0.311679;
370;1;0.311679;
371;1;0.311679;
372;1;0.311679;
373;1;0.311679;
374;1;0.311679;
375;1;0.311679;
376;1;0.311679;
377;1;0.311679;
378;1;0.311679;
379;1;0.311679;
380;1;0.311679;
381;1;0.311679;
382;1;0.311679;
383;1;0.311679;
384;1;0.311679;
385;1;0.311679;
386;1;0.311679;
387;1;0.311679;
388;1;0.311679;
389;1;0.311679;
390;1;0.311679;
391;1;0.311679;
392;1;0.311679;
393;1;0.311679;
394;1;0.311679;
395;1;0.311679;
396;1;0.311679;
397;1;0.311679;
398;1;0.311679;
399;1;0.311679;
400;1;0.311679;
401;1;0.311679;
402;1;0.311679;
403;1;0.311679;
404;1;0.311679;
405;1;0.311679;
406;1;0.311679;
407;1;0.311679;
408;1;0.311679;
409;1;0.311679;
410;1;0.311679;
411;1;0.311679;
412;1;0.311679;
413;1;0.311679;
414;1;0.311679;
415;1;0.311679;
416;1;0.311679;
417;1;0.311679;
418;1;0.311679;
419;1;0.311679;
420;1;0.311679;
421;1;0.311679;
422;1;0.311679;
423;1;0.311679;
424;1;0.311679;
425;1;0.311679;
426;1;0.311679;
427;1;0.311679;
428;1;0.311679;
429;1;0.311679;
430;1;0.311679;
431;1;0.311679;
432;1;0.311679;
433;1;0.311679;
434;1;0.311679;
435;1;0.311679;
436;1;0.311679;
437;1;0.311679;
438;1;0.311679;
439;1;0.311679;
440;1;0.311679;
441;1;0.311679;
442;1;0.311679;
443;1;0.311679;
444;1;0.311679;
445;1;0.311679;
446;1;0.311679;
447;1;0.311679;
448;1;0.311679;
449;1;0.311679;
450;1;0.311679;
451;1;0.311679;
452;1;0.311679;
453;1;0.311679;
454;1;0.311679;
455;1;0.311679;
456;1;0.311679;
457;1;0.311679;
458;1;0.311679;
459;1;0.311679;
460;1;0.311679;
461;1;0.311679;
462;1;0.311679;
463;1;0.311679;
464;1;0.311679;
465;1;0.311679;
466;1;0.311679;
467;1;0.311679;
468;1;0.311679;
469;1;0.311679;
470;1;0.311679;
471;1;0.311679;
472;1;0.311679;
473;1;0.311679;
474;1;0.311679;
475;1;0.311679;
476;1;0.311679;
477;1;0.311679;
478;1;0.311679;
479;1;0.311679;
480;1;0.311679;
481;1;0.311679;
482;1;0.311679;
483;1;0.311679;
484;1;0.311679;
485;1;0.311679;
486;1;0.311679;
487;1;0.311679;
488;1;0.311679;
489;1;0.311679;
490;1;0.311679;
491;1;0.311679;
492;1;0.311679;
493;1;0.311679;
494;1;0.311679;
495;1;0.311679;
496;1;0.311679;
497;1;0.311679;
498;1;0.311679;
499;1;0.311679;
0;1;0.484997;
0;2;0.469659;
1;2;0.455461;
2;2;0.442317;
3;2;0.43015;
4;2;0.418887;
5;2;0.40846;
6;2;0.398808;
7;2;0.389872;
8;2;0.381601;
9;2;0.373944;
10;2;0.366855;
11;2;0.360293;
12;2;0.354219;
13;2;0.348596;
14;2;0.34339;
15;2;0.338571;
16;2;0.33411;
17;2;0.329981;
18;2;0.326158;
19;2;0.322619;
20;2;0.319343;
21;2;0.316311;
22;2;0.313503;
23;2;0.310905;
24;2;0.308499;
25;2;0.306272;
26;2;0.30421;
27;2;0.302302;
28;2;0.300535;
29;2;0.298899;
30;2;0.297385;
31;2;0.295984;
32;2;0.294686;
33;2;0.293485;
34;2;0.292374;
35;2;0.291344;
36;2;0.290391;
37;2;0.289509;
38;2;0.288693;
39;2;0.287937;
40;2;0.287237;
41;2;0.28659;
42;2;0.28599;
43;2;0.285435;
44;2;0.284921;
45;2;0.284445;
46;2;0.284005;
47;2;0.283597;
48;2;0.28322;
49;2;0.282871;
50;2;0.282547;
51;2;0.282248;
52;2;0.281971;
53;2;0.281714;
54;2;0.281477;
55;2;0.281257;
56;2;0.281054;
57;2;0.280865;
58;2;0.280691;
59;2;0.280529;
60;2;0.28038;
61;2;0.280241;
62;2;0.280113;
63;2;0.279995;
64;2;0.279885;
65;2;0.279784;
66;2;0.279689;
67;2;0.279602;
68;2;0.279522;
69;2;0.279447;
70;2;0.279378;
71;2;0.279314;
72;2;0.279255;
73;2;0.2792;
74;2;0.279149;
75;2;0.279103;
76;2;0.279059;
77;2;0.279019;
78;2;0.278982;
79;2;0.278947;
80;2;0.278915;
81;2;0.278886;
82;2;0.278858;
83;2;0.278833;
84;2;0.278809;
85;2;0.278788;
86;2;0.278768;
87;2;0.278749;
88;2;0.278732;
89;2;0.278716;
90;2;0.278701;
91;2;0.278688;
92;2;0.278675;
93;2;0.278663;
94;2;0.278652;
95;2;0.278642;
96;2;0.278633;
97;2;0.278624;
98;2;0.278616;
99;2;0.278609;
100;2;1;
101;2;0.946407;
102;2;0.896796;
103;2;0.850869;
104;2;0.808354;
105;2;0.768997;
106;2;0.732564;
107;2;0.698837;
108;2;0.667615;
109;2;0.638712;
110;2;0.611956;
111;2;0.587188;
112;2;0.56426;
113;2;0.543034;
114;2;0.523386;
115;2;0.505197;
116;2;0.488359;
117;2;0.472771;
118;2;0.458342;
119;2;0.444984;
120;2;0.432619;
121;2;0.421172;
122;2;0.410575;
123;2;0.400766;
124;2;0.391685;
125;2;0.383279;
126;2;0.375497;
127;2;0.368293;
128;2;0.361625;
129;2;0.355451;
130;2;0.349737;
131;2;0.344446;
132;2;0.339549;
133;2;0.335016;
134;2;0.330819;
135;2;0.326934;
136;2;0.323337;
137;2;0.320008;
138;2;0.316926;
139;2;0.314073;
140;2;0.311432;
141;2;0.308987;
142;2;0.306724;
143;2;0.304628;
144;2;0.302689;
145;2;0.300893;
146;2;0.299231;
147;2;0.297693;
148;2;0.296268;
149;2;0.29495;
150;2;0.293729;
151;2;0.292599;
152;2;0.291553;
153;2;0.290585;
154;2;0.289688;
155;2;0.288859;
156;2;0.28809;
157;2;0.287379;
158;2;0.286721;
159;2;0.286112;
160;2;0.285548;
161;2;0.285025;
162;2;0.284542;
163;2;0.284094;
164;2;0.28368;
165;2;0.283297;
166;2;0.282942;
167;2;0.282613;
168;2;0.282309;
169;2;0.282027;
170;2;0.281766;
171;2;0.281525;
172;2;0.281302;
173;2;0.281095;
174;2;0.280903;
175;2;0.280726;
176;2;0.280562;
177;2;0.28041;
178;2;0.28027;
179;2;0.280139;
180;2;0.280019;
181;2;0.279907;
182;2;0.279804;
183;2;0.279709;
184;2;0.27962;
185;2;0.279538;
186;2;0.279462;
187;2;0.279392;
188;2;0.279327;
189;2;0.279267;
190;2;0.279211;
191;2;0.27916;
192;2;0.279112;
193;2;0.279068;
194;2;0.279027;
195;2;0.278989;
196;2;0.278954;
197;2;0.278922;
198;2;0.278892;
199;2;0.278864;
200;2;0.278838;
201;2;0.278814;
202;2;0.278792;
203;2;0.278772;
204;2;0.278753;
205;2;0.278735;
206;2;0.278719;
207;2;0.278704;
208;2;0.27869;
209;2;0.278677;
210;2;0.278666;
211;2;0.278655;
212;2;0.278644;
213;2;0.278635;
214;2;0.278626;
215;2;0.278618;
216;2;0.278611;
217;2;0.278604;
218;2;0.278597;
219;2;0.278591;
220;2;0.278586;
221;2;0.278581;
222;2;0.278576;
223;2;0.278572;
224;2;0.278568;
225;2;0.278564;
226;2;0.27856;
227;2;0.278557;
228;2;0.278554;
229;2;0.278552;
230;2;0.278549;
231;2;0.278547;
232;2;0.278544;
233;2;0.278542;
234;2;0.278541;
235;2;0.278539;
236;2;0.278537;
237;2;0.278536;
238;2;0.278534;
239;2;0.278533;
240;2;0.278532;
241;2;0.278531;
242;2;0.27853;
243;2;0.278529;
244;2;0.278528;
245;2;0.278527;
246;2;0.278527;
247;2;0.278526;
248;2;0.278525;
249;2;0.278525;
250;2;0.278524;
251;2;0.278524;
252;2;0.278523;
253;2;0.278523;
254;2;0.278522;
255;2;0.278522;
256;2;0.278522;
257;2;0.278521;
258;2;0.278521;
259;2;0.278521;
260;2;0.27852;
261;2;0.27852;
262;2;0.27852;
263;2;0.27852;
264;2;0.27852;
265;2;0.278519;
266;2;0.278519;
267;2;0.278519;
268;2;0.278519;
269;2;0.278519;
270;2;0.278519;
271;2;0.278519;
272;2;0.278519;
273;2;0.278518;
274;2;0.278518;
275;2;0.278518;
276;2;0.278518;
277;2;0.278518;
278;2;0.278518;
279;2;0.278518;
280;2;0.278518;
281;2;0.278518;
282;2;0.278518;
283;2;0.278518;
284;2;0.278518;
285;2;0.278518;
286;2;0.278518;
287;2;0.278518;
288;2;0.278518;
289;2;0.278518;
290;2;0.278518;
291;2;0.278518;
292;2;0.278518;
293;2;0.278518;
294;2;0.278518;
295;2;0.278518;
296;2;0.278518;
297;2;0.278518;
298;2;0.278518;
299;2;0.278517;
300;2;0.278517;
301;2;0.278517;
302;2;0.278517;
303;2;0.278517;
304;2;0.278517;
305;2;0.278517;
306;2;0.278517;
307;2;0.278517;
308;2;0.278517;
309;2;0.278517;
310;2;0.278517;
311;2;0.278517;
312;2;0.278517;
313;2;0.278517;
314;2;0.278517;
315;2;0.278517;
316;2;0.278517;
317;2;0.278517;
318;2;0.278517;
319;2;0.278517;
320;2;0.278517;
321;2;0.278517;
322;2;0.278517;
323;2;0.278517;
324;2;0.278517;
325;2;0.278517;
326;2;0.278517;
327;2;0.278517;
328;2;0.278517;
329;2;0.278517;
330;2;0.278517;
331;2;0.278517;
332;2;0.278517;
333;2;0.278517;
334;2;0.278517;
335;2;0.278517;
336;2;0.278517;
337;2;0.278517;
338;2;0.278517;
339;2;0.278517;
340;2;0.278517;
341;2;0.278517;
342;2;0.278517;
343;2;0.278517;
344;2;0.278517;
345;2;0.278517;
346;2;0.278517;
347;2;0.278517;
348;2;0.278517;
349;2;0.278517;
350;2;0.278517;
351;2;0.278517;
352;2;0.278517;
353;2;0.278517;
354;2;0.278517;
355;2;0.278517;
356;2;0.278517;
357;2;0.278517;
358;2;0.278517;
359;2;0.278517;
360;2;0.278517;
361;2;0.278517;
362;2;0.278517;
363;2;0.278517;
364;2;0.278517;
365;2;0.278517;
366;2;0.278517;
367;2;0.278517;
368;2;0.278517;
369;2;0.278517;
370;2;0.278517;
371;2;0.278517;
372;2;0.278517;
373;2;0.278517;
374;2;0.278517;
375;2;0.278517;
376;2;0.278517;
377;2;0.278517;
378;2;0.278517;
379;2;0.278517;
380;2;0.278517;
381;2;0.278517;
382;2;0.278517;
383;2;0.278517;
384;2;0.278517;
385;2;0.278517;
386;2;0.278517;
387;2;0.278517;
388;2;0.278517;
389;2;0.278517;
390;2;0.278517;
391;2;0.278517;
392;2;0.278517;
393;2;0.278517;
394;2;0.278517;
395;2;0.278517;
396;2;0.278517;
397;2;0.278517;
398;2;0.278517;
399;2;0.278517;
400;2;0.278517;
401;2;0.278517;
402;2;0.278517;
403;2;0.278517;
404;2;0.278517;
405;2;0.278517;
406;2;0.278517;
407;2;0.278517;
408;2;0.278517;
409;2;0.278517;
410;2;0.278517;
411;2;0.278517;
412;2;0.278517;
413;2;0.278517;
414;2;0.278517;
415;2;0.278517;
416;2;0.278517;
417;2;0.278517;
418;2;0.278517;
419;2;0.278517;
420;2;0.278517;
421;2;0.278517;
422;2;0.278517;
423;2;0.278517;
424;2;0.278517;
425;2;0.278517;
426;2;0.278517;
427;2;0.278517;
428;2;0.278517;
429;2;0.278517;
430;2;0.278517;
431;2;0.278517;
432;2;0.278517;
433;2;0.278517;
434;2;0.278517;
435;2;0.278517;
436;2;0.278517;
437;2;0.278517;
438;2;0.278517;
439;2;0.278517;
440;2;0.278517;
441;2;0.278517;
442;2;0.278517;
443;2;0.278517;
444;2;0.278517;
445;2;0.278517;
446;2;0.278517;
447;2;0.278517;
448;2;0.278517;
449;2;0.278517;
450;2;0.278517;
451;2;0.278517;
452;2;0.278517;
453;2;0.278517;
454;2;0.278517;
455;2;0.278517;
456;2;0.278517;
457;2;0.278517;
458;2;0.278517;
459;2;0.278517;
460;2;0.278517;
461;2;0.278517;
462;2;0.278517;
463;2;0.278517;
464;2;0.278517;
465;2;0.278517;
466;2;0.278517;
467;2;0.278517;
468;2;0.278517;
469;2;0.278517;
470;2;0.278517;
471;2;0.278517;
472;2;0.278517;
473;2;0.278517;
474;2;0.278517;
475;2;0.278517;
476;2;0.278517;
477;2;0.278517;
478;2;0.278517;
479;2;0.278517;
480;2;0.278517;
481;2;0.278517;
482;2;0.278517;
483;2;0.278517;
484;2;0.278517;
485;2;0.278517;
486;2;0.278517;
487;2;0.278517;
488;2;0.278517;
489;2;0.278517;
490;2;0.278517;
491;2;0.278517;
492;2;0.278517;
493;2;0.278517;
494;2;0.278517;
495;2;0.278517;
496;2;0.278517;
497;2;0.278517;
498;2;0.278517;
499;2;0.278517;
0;2;0.468202;
0;3;0.44644;
1;3;0.426766;
2;3;0.408979;
3;3;0.392899;
4;3;0.378361;
5;3;0.365217;
6;3;0.353335;
7;3;0.342592;
8;3;0.33288;
9;3;0.324099;
10;3;0.316161;
11;3;0.308984;
12;3;0.302496;
13;3;0.29663;
14;3;0.291327;
15;3;0.286532;
16;3;0.282198;
17;3;0.278279;
18;3;0.274736;
19;3;0.271533;
20;3;0.268638;
21;3;0.26602;
22;3;0.263653;
23;3;0.261513;
24;3;0.259579;
25;3;0.25783;
26;3;0.256249;
27;3;0.254819;
28;3;0.253527;
29;3;0.252359;
30;3;0.251302;
31;3;0.250347;
32;3;0.249484;
33;3;0.248703;
34;3;0.247998;
35;3;0.24736;
36;3;0.246783;
37;3;0.246262;
38;3;0.24579;
39;3;0.245364;
40;3;0.244979;
41;3;0.24463;
42;3;0.244315;
43;3;0.244031;
44;3;0.243773;
45;3;0.24354;
46;3;0.24333;
47;3;0.24314;
48;3;0.242968;
49;3;0.242812;
50;3;0.242672;
51;3;0.242545;
52;3;0.24243;
53;3;0.242326;
54;3;0.242232;
55;3;0.242147;
56;3;0.24207;
57;3;0.242001;
58;3;0.241938;
59;3;0.241882;
60;3;0.24183;
61;3;0.241784;
62;3;0.241742;
63;3;0.241704;
64;3;0.24167;
65;3;0.241639;
66;3;0.241611;
67;3;0.241586;
68;3;0.241563;
69;3;0.241542;
70;3;0.241523;
71;3;0.241507;
72;3;0.241491;
73;3;0.241477;
74;3;0.241465;
75;3;0.241454;
76;3;0.241443;
77;3;0.241434;
78;3;0.241426;
79;3;0.241418;
80;3;0.241411;
81;3;0.241405;
82;3;0.2414;
83;3;0.241395;
84;3;0.24139;
85;3;0.241386;
86;3;0.241382;
87;3;0.241379;
88;3;0.241376;
89;3;0.241373;
90;3;0.241371;
91;3;0.241368;
92;3;0.241366;
93;3;0.241364;
94;3;0.241363;
95;3;0.241361;
96;3;0.24136;
97;3;0.241359;
98;3;0.241358;
99;3;0.241357;
100;3;1;
101;3;0.927224;
102;3;0.861429;
103;3;0.801946;
104;3;0.748169;
105;3;0.699551;
106;3;0.655596;
107;3;0.615858;
108;3;0.579932;
109;3;0.547453;
110;3;0.518089;
111;3;0.491541;
112;3;0.467541;
113;3;0.445842;
114;3;0.426226;
115;3;0.408491;
116;3;0.392457;
117;3;0.377961;
118;3;0.364856;
119;3;0.353008;
120;3;0.342297;
121;3;0.332613;
122;3;0.323858;
123;3;0.315943;
124;3;0.308787;
125;3;0.302318;
126;3;0.296469;
127;3;0.291181;
128;3;0.286401;
129;3;0.282079;
130;3;0.278172;
131;3;0.274639;
132;3;0.271445;
133;3;0.268558;
134;3;0.265948;
135;3;0.263588;
136;3;0.261455;
137;3;0.259526;
138;3;0.257782;
139;3;0.256205;
140;3;0.25478;
141;3;0.253491;
142;3;0.252326;
143;3;0.251273;
144;3;0.250321;
145;3;0.24946;
146;3;0.248682;
147;3;0.247978;
148;3;0.247342;
149;3;0.246767;
150;3;0.246247;
151;3;0.245777;
152;3;0.245352;
153;3;0.244968;
154;3;0.244621;
155;3;0.244307;
156;3;0.244023;
157;3;0.243766;
158;3;0.243534;
159;3;0.243324;
160;3;0.243135;
161;3;0.242963;
162;3;0.242808;
163;3;0.242668;
164;3;0.242541;
165;3;0.242427;
166;3;0.242323;
167;3;0.24223;
168;3;0.242145;
169;3;0.242068;
170;3;0.241999;
171;3;0.241937;
172;3;0.24188;
173;3;0.241829;
174;3;0.241783;
175;3;0.241741;
176;3;0.241703;
177;3;0.241669;
178;3;0.241638;
179;3;0.24161;
180;3;0.241585;
181;3;0.241562;
182;3;0.241542;
183;3;0.241523;
184;3;0.241506;
185;3;0.241491;
186;3;0.241477;
187;3;0.241465;
188;3;0.241453;
189;3;0.241443;
190;3;0.241434;
191;3;0.241426;
192;3;0.241418;
193;3;0.241411;
194;3;0.241405;
195;3;0.2414;
196;3;0.241395;
197;3;0.24139;
198;3;0.241386;
199;3;0.241382;
200;3;0.241379;
201;3;0.241376;
202;3;0.241373;
203;3;0.241371;
204;3;0.241368;
205;3;0.241366;
206;3;0.241364;
207;3;0.241363;
208;3;0.241361;
209;3;0.24136;
210;3;0.241359;
211;3;0.241358;
212;3;0.241357;
213;3;0.241356;
214;3;0.241355;
215;3;0.241354;
216;3;0.241353;
217;3;0.241353;
218;3;0.241352;
219;3;0.241352;
220;3;0.241351;
221;3;0.241351;
222;3;0.241351;
223;3;0.24135;
224;3;0.24135;
225;3;0.24135;
226;3;0.241349;
227;3;0.241349;
228;3;0.241349;
229;3;0.241349;
230;3;0.241349;
231;3;0.241349;
232;3;0.241348;
233;3;0.241348;
234;3;0.241348;
235;3;0.241348;
236;3;0.241348;
237;3;0.241348;
238;3;0.241348;
239;3;0.241348;
240;3;0.241348;
241;3;0.241348;
242;3;0.241348;
243;3;0.241348;
244;3;0.241348;
245;3;0.241347;
246;3;0.241347;
247;3;0.241347;
248;3;0.241347;
249;3;0.241347;
250;3;0.241347;
251;3;0.241347;
252;3;0.241347;
253;3;0.241347;
254;3;0.241347;
255;3;0.241347;
256;3;0.241347;
257;3;0.241347;
258;3;0.241347;
259;3;0.241347;
260;3;0.241347;
261;3;0.241347;
262;3;0.241347;
263;3;0.241347;
264;3;0.241347;
265;3;0.241347;
266;3;0.241347;
267;3;0.241347;
268;3;0.241347;
269;3;0.241347;
270;3;0.241347;
271;3;0.241347;
272;3;0.241347;
273;3;0.241347;
274;3;0.241347;
275;3;0.241347;
276;3;0.241347;
277;3;0.241347;
278;3;0.241347;
279;3;0.241347;
280;3;0.241347;
281;3;0.241347;
282;3;0.241347;
283;3;0.241347;
284;3;0.241347;
285;3;0.241347;
286;3;0.241347;
287;3;0.241347;
288;3;0.241347;
289;3;0.241347;
290;3;0.241347;
291;3;0.241347;
292;3;0.241347;
293;3;0.241347;
294;3;0.241347;
295;3;0.241347;
296;3;0.241347;
297;3;0.241347;
298;3;0.241347;
299;3;0.241347;
300;3;0.241347;
301;3;0.241347;
302;3;0.241347;
303;3;0.241347;
304;3;0.241347;
305;3;0.241347;
306;3;0.241347;
307;3;0.241347;
308;3;0.241347;
309;3;0.241347;
310;3;0.241347;
311;3;0.241347;
312;3;0.241347;
313;3;0.241347;
314;3;0.241347;
315;3;0.241347;
316;3;0.241347;
317;3;0.241347;
318;3;0.241347;
319;3;0.241347;
320;3;0.241347;
321;3;0.241347;
322;3;0.241347;
323;3;0.241347;
324;3;0.241347;
325;3;0.241347;
326;3;0.241347;
327;3;0.241347;
328;3;0.241347;
329;3;0.241347;
330;3;0.241347;
331;3;0.241347;
332;3;0.241347;
333;3;0.241347;
334;3;0.241347;
335;3;0.241347;
336;3;0.241347;
337;3;0.241347;
338;3;0.241347;
339;3;0.241347;
340;3;0.241347;
341;3;0.241347;
342;3;0.241347;
343;3;0.241347;
344;3;0.241347;
345;3;0.241347;
346;3;0.241347;
347;3;0.241347;
348;3;0.241347;
349;3;0.241347;
350;3;0.241347;
351;3;0.241347;
352;3;0.241347;
353;3;0.241347;
354;3;0.241347;
355;3;0.241347;
356;3;0.241347;
357;3;0.241347;
358;3;0.241347;
359;3;0.241347;
360;3;0.241347;
361;3;0.241347;
362;3;0.241347;
363;3;0.241347;
364;3;0.241347;
365;3;0.241347;
366;3;0.241347;
367;3;0.241347;
368;3;0.241347;
369;3;0.241347;
370;3;0.241347;
371;3;0.241347;
372;3;0.241347;
373;3;0.241347;
374;3;0.241347;
375;3;0.241347;
376;3;0.241347;
377;3;0.241347;
378;3;0.241347;
379;3;0.241347;
380;3;0.241347;
381;3;0.241347;
382;3;0.241347;
383;3;0.241347;
384;3;0.241347;
385;3;0.241347;
386;3;0.241347;
387;3;0.241347;
388;3;0.241347;
389;3;0.241347;
390;3;0.241347;
391;3;0.241347;
392;3;0.241347;
393;3;0.241347;
394;3;0.241347;
395;3;0.241347;
396;3;0.241347;
397;3;0.241347;
398;3;0.241347;
399;3;0.241347;
400;3;0.241347;
401;3;0.241347;
402;3;0.241347;
403;3;0.241347;
404;3;0.241347;
405;3;0.241347;
406;3;0.241347;
407;3;0.241347;
408;3;0.241347;
409;3;0.241347;
410;3;0.241347;
411;3;0.241347;
412;3;0.241347;
413;3;0.241347;
414;3;0.241347;
415;3;0.241347;
416;3;0.241347;
417;3;0.241347;
418;3;0.241347;
419;3;0.241347;
420;3;0.241347;
421;3;0.241347;
422;3;0.241347;
423;3;0.241347;
424;3;0.241347;
425;3;0.241347;
426;3;0.241347;
427;3;0.241347;
428;3;0.241347;
429;3;0.241347;
430;3;0.241347;
431;3;0.241347;
432;3;0.241347;
433;3;0.241347;
434;3;0.241347;
435;3;0.241347;
436;3;0.241347;
437;3;0.241347;
438;3;0.241347;
439;3;0.241347;
440;3;0.241347;
441;3;0.241347;
442;3;0.241347;
443;3;0.241347;
444;3;0.241347;
445;3;0.241347;
446;3;0.241347;
447;3;0.241347;
448;3;0.241347;
449;3;0.241347;
450;3;0.241347;
451;3;0.241347;
452;3;0.241347;
453;3;0.241347;
454;3;0.241347;
455;3;0.241347;
456;3;0.241347;
457;3;0.241347;
458;3;0.241347;
459;3;0.241347;
460;3;0.241347;
461;3;0.241347;
462;3;0.241347;
463;3;0.241347;
464;3;0.241347;
465;3;0.241347;
466;3;0.241347;
467;3;0.241347;
468;3;0.241347;
469;3;0.241347;
470;3;0.241347;
471;3;0.241347;
472;3;0.241347;
473;3;0.241347;
474;3;0.241347;
475;3;0.241347;
476;3;0.241347;
477;3;0.241347;
478;3;0.241347;
479;3;0.241347;
480;3;0.241347;
481;3;0.241347;
482;3;0.241347;
483;3;0.241347;
484;3;0.241347;
485;3;0.241347;
486;3;0.241347;
487;3;0.241347;
488;3;0.241347;
489;3;0.241347;
490;3;0.241347;
491;3;0.241347;
492;3;0.241347;
493;3;0.241347;
494;3;0.241347;
495;3;0.241347;
496;3;0.241347;
497;3;0.241347;
498;3;0.241347;
499;3;0.241347;
0;3;0.399859;
0;4;0.385704;
1;4;0.372782;
2;4;0.360986;
3;4;0.350218;
4;4;0.340389;
5;4;0.331415;
6;4;0.323224;
7;4;0.315747;
8;4;0.308921;
9;4;0.30269;
10;4;0.297002;
11;4;0.29181;
12;4;0.28707;
13;4;0.282743;
14;4;0.278793;
15;4;0.275188;
16;4;0.271896;
17;4;0.268892;
18;4;0.266149;
19;4;0.263645;
20;4;0.26136;
21;4;0.259273;
22;4;0.257369;
23;4;0.25563;
24;4;0.254043;
25;4;0.252594;
26;4;0.251271;
27;4;0.250064;
28;4;0.248962;
29;4;0.247956;
30;4;0.247037;
31;4;0.246199;
32;4;0.245434;
33;4;0.244735;
34;4;0.244097;
35;4;0.243515;
36;4;0.242984;
37;4;0.242499;
38;4;0.242056;
39;4;0.241651;
40;4;0.241282;
41;4;0.240946;
42;4;0.240638;
43;4;0.240357;
44;4;0.240101;
45;4;0.239867;
46;4;0.239654;
47;4;0.239459;
48;4;0.239281;
49;4;0.239118;
50;4;0.23897;
51;4;0.238835;
52;4;0.238711;
53;4;0.238598;
54;4;0.238495;
55;4;0.238401;
56;4;0.238315;
57;4;0.238237;
58;4;0.238166;
59;4;0.2381;
60;4;0.238041;
61;4;0.237986;
62;4;0.237937;
63;4;0.237891;
64;4;0.23785;
65;4;0.237812;
66;4;0.237778;
67;4;0.237746;
68;4;0.237717;
69;4;0.237691;
70;4;0.237667;
71;4;0.237645;
72;4;0.237625;
73;4;0.237607;
74;4;0.237591;
75;4;0.237575;
76;4;0.237562;
77;4;0.237549;
78;4;0.237537;
79;4;0.237527;
80;4;0.237517;
81;4;0.237508;
82;4;0.2375;
83;4;0.237493;
84;4;0.237486;
85;4;0.23748;
86;4;0.237475;
87;4;0.23747;
88;4;0.237465;
89;4;0.237461;
90;4;0.237457;
91;4;0.237453;
92;4;0.23745;
93;4;0.237447;
94;4;0.237445;
95;4;0.237442;
96;4;0.23744;
97;4;0.237438;
98;4;0.237436;
99;4;0.237434;
100;4;1;
101;4;0.933548;
102;4;0.872887;
103;4;0.817511;
104;4;0.766962;
105;4;0.720817;
106;4;0.678693;
107;4;0.64024;
108;4;0.605137;
109;4;0.573094;
110;4;0.543843;
111;4;0.517141;
112;4;0.492765;
113;4;0.470514;
114;4;0.450202;
115;4;0.43166;
116;4;0.414733;
117;4;0.399282;
118;4;0.385177;
119;4;0.372301;
120;4;0.360547;
121;4;0.349817;
122;4;0.340022;
123;4;0.331081;
124;4;0.322919;
125;4;0.315469;
126;4;0.308667;
127;4;0.302458;
128;4;0.29679;
129;4;0.291617;
130;4;0.286893;
131;4;0.282582;
132;4;0.278646;
133;4;0.275053;
134;4;0.271774;
135;4;0.26878;
136;4;0.266047;
137;4;0.263552;
138;4;0.261274;
139;4;0.259195;
140;4;0.257298;
141;4;0.255565;
142;4;0.253984;
143;4;0.25254;
144;4;0.251222;
145;4;0.250019;
146;4;0.248921;
147;4;0.247918;
148;4;0.247003;
149;4;0.246168;
150;4;0.245405;
151;4;0.244709;
152;4;0.244074;
153;4;0.243494;
154;4;0.242964;
155;4;0.242481;
156;4;0.242039;
157;4;0.241636;
158;4;0.241269;
159;4;0.240933;
160;4;0.240627;
161;4;0.240347;
162;4;0.240091;
163;4;0.239858;
164;4;0.239646;
165;4;0.239451;
166;4;0.239274;
167;4;0.239112;
168;4;0.238964;
169;4;0.238829;
170;4;0.238706;
171;4;0.238594;
172;4;0.238491;
173;4;0.238398;
174;4;0.238312;
175;4;0.238234;
176;4;0.238163;
177;4;0.238098;
178;4;0.238038;
179;4;0.237984;
180;4;0.237935;
181;4;0.23789;
182;4;0.237848;
183;4;0.237811;
184;4;0.237776;
185;4;0.237745;
186;4;0.237716;
187;4;0.23769;
188;4;0.237666;
189;4;0.237645;
190;4;0.237625;
191;4;0.237607;
192;4;0.23759;
193;4;0.237575;
194;4;0.237561;
195;4;0.237548;
196;4;0.237537;
197;4;0.237526;
198;4;0.237517;
199;4;0.237508;
200;4;0.2375;
201;4;0.237493;
202;4;0.237486;
203;4;0.23748;
204;4;0.237475;
205;4;0.23747;
206;4;0.237465;
207;4;0.237461;
208;4;0.237457;
209;4;0.237453;
210;4;0.23745;
211;4;0.237447;
212;4;0.237444;
213;4;0.237442;
214;4;0.23744;
215;4;0.237438;
216;4;0.237436;
217;4;0.237434;
218;4;0.237433;
219;4;0.237431;
220;4;0.23743;
221;4;0.237429;
222;4;0.237428;
223;4;0.237427;
224;4;0.237426;
225;4;0.237425;
226;4;0.237424;
227;4;0.237424;
228;4;0.237423;
229;4;0.237422;
230;4;0.237422;
231;4;0.237421;
232;4;0.237421;
233;4;0.237421;
234;4;0.23742;
235;4;0.23742;
236;4;0.23742;
237;4;0.237419;
238;4;0.237419;
239;4;0.237419;
240;4;0.237419;
241;4;0.237418;
242;4;0.237418;
243;4;0.237418;
244;4;0.237418;
245;4;0.237418;
246;4;0.237418;
247;4;0.237418;
248;4;0.237418;
249;4;0.237417;
250;4;0.237417;
251;4;0.237417;
252;4;0.237417;
253;4;0.237417;
254;4;0.237417;
255;4;0.237417;
256;4;0.237417;
257;4;0.237417;
258;4;0.237417;
259;4;0.237417;
260;4;0.237417;
261;4;0.237417;
262;4;0.237417;
263;4;0.237417;
264;4;0.237417;
265;4;0.237417;
266;4;0.237417;
267;4;0.237417;
268;4;0.237417;
269;4;0.237417;
270;4;0.237417;
271;4;0.237417;
272;4;0.237417;
273;4;0.237417;
274;4;0.237417;
275;4;0.237417;
276;4;0.237417;
277;4;0.237417;
278;4;0.237417;
279;4;0.237417;
280;4;0.237417;
281;4;0.237417;
282;4;0.237416;
283;4;0.237416;
284;4;0.237416;
285;4;0.237416;
286;4;0.237416;
287;4;0.237416;
288;4;0.237416;
289;4;0.237416;
290;4;0.237416;
291;4;0.237416;
292;4;0.237416;
293;4;0.237416;
294;4;0.237416;
295;4;0.237416;
296;4;0.237416;
297;4;0.237416;
298;4;0.237416;
299;4;0.237416;
300;4;0.237416;
301;4;0.237416;
302;4;0.237416;
303;4;0.237416;
304;4;0.237416;
305;4;0.237416;
306;4;0.237416;
307;4;0.237416;
308;4;0.237416;
309;4;0.237416;
310;4;0.237416;
311;4;0.237416;
312;4;0.237416;
313;4;0.237416;
314;4;0.237416;
315;4;0.237416;
316;4;0.237416;
317;4;0.237416;
318;4;0.237416;
319;4;0.237416;
320;4;0.237416;
321;4;0.237416;
322;4;0.237416;
323;4;0.237416;
324;4;0.237416;
325;4;0.237416;
326;4;0.237416;
327;4;0.237416;
328;4;0.237416;
329;4;0.237416;
330;4;0.237416;
331;4;0.237416;
332;4;0.237416;
333;4;0.237416;
334;4;0.237416;
335;4;0.237416;
336;4;0.237416;
337;4;0.237416;
338;4;0.237416;
339;4;0.237416;
340;4;0.237416;
341;4;0.237416;
342;4;0.237416;
343;4;0.237416;
344;4;0.237416;
345;4;0.237416;
346;4;0.237416;
347;4;0.237416;
348;4;0.237416;
349;4;0.237416;
350;4;0.237416;
351;4;0.237416;
352;4;0.237416;
353;4;0.237416;
354;4;0.237416;
355;4;0.237416;
356;4;0.237416;
357;4;0.237416;
358;4;0.237416;
359;4;0.237416;
360;4;0.237416;
361;4;0.237416;
362;4;0.237416;
363;4;0.237416;
364;4;0.237416;
365;4;0.237416;
366;4;0.237416;
367;4;0.237416;
368;4;0.237416;
369;4;0.237416;
370;4;0.237416;
371;4;0.237416;
372;4;0.237416;
373;4;0.237416;
374;4;0.237416;
375;4;0.237416;
376;4;0.237416;
377;4;0.237416;
378;4;0.237416;
379;4;0.237416;
380;4;0.237416;
381;4;0.237416;
382;4;0.237416;
383;4;0.237416;
384;4;0.237416;
385;4;0.237416;
386;4;0.237416;
387;4;0.237416;
388;4;0.237416;
389;4;0.237416;
390;4;0.237416;
391;4;0.237416;
392;4;0.237416;
393;4;0.237416;
394;4;0.237416;
395;4;0.237416;
396;4;0.237416;
397;4;0.237416;
398;4;0.237416;
399;4;0.237416;
400;4;0.237416;
401;4;0.237416;
402;4;0.237416;
403;4;0.237416;
404;4;0.237416;
405;4;0.237416;
406;4;0.237416;
407;4;0.237416;
408;4;0.237416;
409;4;0.237416;
410;4;0.237416;
411;4;0.237416;
412;4;0.237416;
413;4;0.237416;
414;4;0.237416;
415;4;0.237416;
416;4;0.237416;
417;4;0.237416;
418;4;0.237416;
419;4;0.237416;
420;4;0.237416;
421;4;0.237416;
422;4;0.237416;
423;4;0.237416;
424;4;0.237416;
425;4;0.237416;
426;4;0.237416;
427;4;0.237416;
428;4;0.237416;
429;4;0.237416;
430;4;0.237416;
431;4;0.237416;
432;4;0.237416;
433;4;0.237416;
434;4;0.237416;
435;4;0.237416;
436;4;0.237416;
437;4;0.237416;
438;4;0.237416;
439;4;0.237416;
440;4;0.237416;
441;4;0.237416;
442;4;0.237416;
443;4;0.237416;
444;4;0.237416;
445;4;0.237416;
446;4;0.237416;
447;4;0.237416;
448;4;0.237416;
449;4;0.237416;
450;4;0.237416;
451;4;0.237416;
452;4;0.237416;
453;4;0.237416;
454;4;0.237416;
455;4;0.237416;
456;4;0.237416;
457;4;0.237416;
458;4;0.237416;
459;4;0.237416;
460;4;0.237416;
461;4;0.237416;
462;4;0.237416;
463;4;0.237416;
464;4;0.237416;
465;4;0.237416;
466;4;0.237416;
467;4;0.237416;
468;4;0.237416;
469;4;0.237416;
470;4;0.237416;
471;4;0.237416;
472;4;0.237416;
473;4;0.237416;
474;4;0.237416;
475;4;0.237416;
476;4;0.237416;
477;4;0.237416;
478;4;0.237416;
479;4;0.237416;
480;4;0.237416;
481;4;0.237416;
482;4;0.237416;
483;4;0.237416;
484;4;0.237416;
485;4;0.237416;
486;4;0.237416;
487;4;0.237416;
488;4;0.237416;
489;4;0.237416;
490;4;0.237416;
491;4;0.237416;
492;4;0.237416;
493;4;0.237416;
494;4;0.237416;
495;4;0.237416;
496;4;0.237416;
497;4;0.237416;
498;4;0.237416;
499;4;0.237416;
0;4;0.517413;
0;5;0.495478;
1;5;0.475453;
2;5;0.457174;
3;5;0.440487;
4;5;0.425255;
5;5;0.41135;
6;5;0.398656;
7;5;0.387069;
8;5;0.376492;
9;5;0.366836;
10;5;0.358021;
11;5;0.349975;
12;5;0.34263;
13;5;0.335925;
14;5;0.329804;
15;5;0.324217;
16;5;0.319116;
17;5;0.31446;
18;5;0.31021;
19;5;0.30633;
20;5;0.302788;
21;5;0.299555;
22;5;0.296603;
23;5;0.293909;
24;5;0.291449;
25;5;0.289204;
26;5;0.287155;
27;5;0.285284;
28;5;0.283576;
29;5;0.282017;
30;5;0.280594;
31;5;0.279294;
32;5;0.278108;
33;5;0.277026;
34;5;0.276037;
35;5;0.275135;
36;5;0.274312;
37;5;0.27356;
38;5;0.272874;
39;5;0.272247;
40;5;0.271675;
41;5;0.271153;
42;5;0.270677;
43;5;0.270242;
44;5;0.269845;
45;5;0.269482;
46;5;0.269151;
47;5;0.268849;
48;5;0.268573;
49;5;0.268322;
50;5;0.268092;
51;5;0.267882;
52;5;0.26769;
53;5;0.267516;
54;5;0.267356;
55;5;0.26721;
56;5;0.267077;
57;5;0.266956;
58;5;0.266845;
59;5;0.266744;
60;5;0.266652;
61;5;0.266567;
62;5;0.266491;
63;5;0.26642;
64;5;0.266356;
65;5;0.266298;
66;5;0.266244;
67;5;0.266195;
68;5;0.266151;
69;5;0.26611;
70;5;0.266073;
71;5;0.266039;
72;5;0.266008;
73;5;0.26598;
74;5;0.265954;
75;5;0.265931;
76;5;0.265909;
77;5;0.26589;
78;5;0.265872;
79;5;0.265856;
80;5;0.265841;
81;5;0.265827;
82;5;0.265815;
83;5;0.265803;
84;5;0.265793;
85;5;0.265783;
86;5;0.265775;
87;5;0.265767;
88;5;0.26576;
89;5;0.265753;
90;5;0.265747;
91;5;0.265742;
92;5;0.265737;
93;5;0.265732;
94;5;0.265728;
95;5;0.265724;
96;5;0.265721;
97;5;0.265718;
98;5;0.265715;
99;5;0.265712;
100;5;1;
101;5;0.936011;
102;5;0.877599;
103;5;0.824276;
104;5;0.7756;
105;5;0.731166;
106;5;0.690603;
107;5;0.653576;
108;5;0.619775;
109;5;0.588919;
110;5;0.560752;
111;5;0.53504;
112;5;0.511568;
113;5;0.490141;
114;5;0.470582;
115;5;0.452727;
116;5;0.436428;
117;5;0.421549;
118;5;0.407967;
119;5;0.395569;
120;5;0.38425;
121;5;0.373919;
122;5;0.364487;
123;5;0.355877;
124;5;0.348018;
125;5;0.340843;
126;5;0.334294;
127;5;0.328315;
128;5;0.322857;
129;5;0.317875;
130;5;0.313327;
131;5;0.309176;
132;5;0.305386;
133;5;0.301926;
134;5;0.298768;
135;5;0.295885;
136;5;0.293254;
137;5;0.290851;
138;5;0.288658;
139;5;0.286656;
140;5;0.284829;
141;5;0.28316;
142;5;0.281638;
143;5;0.280247;
144;5;0.278978;
145;5;0.27782;
146;5;0.276762;
147;5;0.275797;
148;5;0.274916;
149;5;0.274111;
150;5;0.273377;
151;5;0.272707;
152;5;0.272095;
153;5;0.271536;
154;5;0.271026;
155;5;0.270561;
156;5;0.270136;
157;5;0.269748;
158;5;0.269394;
159;5;0.269071;
160;5;0.268776;
161;5;0.268506;
162;5;0.26826;
163;5;0.268036;
164;5;0.267831;
165;5;0.267644;
166;5;0.267473;
167;5;0.267317;
168;5;0.267175;
169;5;0.267045;
170;5;0.266927;
171;5;0.266818;
172;5;0.266719;
173;5;0.266629;
174;5;0.266547;
175;5;0.266472;
176;5;0.266403;
177;5;0.266341;
178;5;0.266283;
179;5;0.266231;
180;5;0.266184;
181;5;0.26614;
182;5;0.2661;
183;5;0.266064;
184;5;0.266031;
185;5;0.266001;
186;5;0.265973;
187;5;0.265948;
188;5;0.265925;
189;5;0.265904;
190;5;0.265885;
191;5;0.265868;
192;5;0.265852;
193;5;0.265837;
194;5;0.265824;
195;5;0.265812;
196;5;0.2658;
197;5;0.26579;
198;5;0.265781;
199;5;0.265773;
200;5;0.265765;
201;5;0.265758;
202;5;0.265752;
203;5;0.265746;
204;5;0.26574;
205;5;0.265736;
206;5;0.265731;
207;5;0.265727;
208;5;0.265723;
209;5;0.26572;
210;5;0.265717;
211;5;0.265714;
212;5;0.265711;
213;5;0.265709;
214;5;0.265707;
215;5;0.265705;
216;5;0.265703;
217;5;0.265702;
218;5;0.2657;
219;5;0.265699;
220;5;0.265697;
221;5;0.265696;
222;5;0.265695;
223;5;0.265694;
224;5;0.265693;
225;5;0.265693;
226;5;0.265692;
227;5;0.265691;
228;5;0.265691;
229;5;0.26569;
230;5;0.26569;
231;5;0.265689;
232;5;0.265689;
233;5;0.265688;
234;5;0.265688;
235;5;0.265688;
236;5;0.265687;
237;5;0.265687;
238;5;0.265687;
239;5;0.265687;
240;5;0.265687;
241;5;0.265686;
242;5;0.265686;
243;5;0.265686;
244;5;0.265686;
245;5;0.265686;
246;5;0.265686;
247;5;0.265686;
248;5;0.265685;
249;5;0.265685;
250;5;0.265685;
251;5;0.265685;
252;5;0.265685;
253;5;0.265685;
254;5;0.265685;
255;5;0.265685;
256;5;0.265685;
257;5;0.265685;
258;5;0.265685;
259;5;0.265685;
260;5;0.265685;
261;5;0.265685;
262;5;0.265685;
263;5;0.265685;
264;5;0.265685;
265;5;0.265685;
266;5;0.265685;
267;5;0.265685;
268;5;0.265685;
269;5;0.265685;
270;5;0.265685;
271;5;0.265685;
272;5;0.265685;
273;5;0.265685;
274;5;0.265685;
275;5;0.265685;
276;5;0.265685;
277;5;0.265685;
278;5;0.265684;
279;5;0.265684;
280;5;0.265684;
281;5;0.265684;
282;5;0.265684;
283;5;0.265684;
284;5;0.265684;
285;5;0.265684;
286;5;0.265684;
287;5;0.265684;
288;5;0.265684;
289;5;0.265684;
290;5;0.265684;
291;5;0.265684;
292;5;0.265684;
293;5;0.265684;
294;5;0.265684;
295;5;0.265684;
296;5;0.265684;
297;5;0.265684;
298;5;0.265684;
299;5;0.265684;
300;5;0.265684;
301;5;0.265684;
302;5;0.265684;
303;5;0.265684;
304;5;0.265684;
305;5;0.265684;
306;5;0.265684;
307;5;0.265684;
308;5;0.265684;
309;5;0.265684;
310;5;0.265684;
311;5;0.265684;
312;5;0.265684;
313;5;0.265684;
314;5;0.265684;
315;5;0.265684;
316;5;0.265684;
317;5;0.265684;
318;5;0.265684;
319;5;0.265684;
320;5;0.265684;
321;5;0.265684;
322;5;0.265684;
323;5;0.265684;
324;5;0.265684;
325;5;0.265684;
326;5;0.265684;
327;5;0.265684;
328;5;0.265684;
329;5;0.265684;
330;5;0.265684;
331;5;0.265684;
332;5;0.265684;
333;5;0.265684;
334;5;0.265684;
335;5;0.265684;
336;5;0.265684;
337;5;0.265684;
338;5;0.265684;
339;5;0.265684;
340;5;0.265684;
341;5;0.265684;
342;5;0.265684;
343;5;0.265684;
344;5;0.265684;
345;5;0.265684;
346;5;0.265684;
347;5;0.265684;
348;5;0.265684;
349;5;0.265684;
350;5;0.265684;
351;5;0.265684;
352;5;0.265684;
353;5;0.265684;
354;5;0.265684;
355;5;0.265684;
356;5;0.265684;
357;5;0.265684;
358;5;0.265684;
359;5;0.265684;
360;5;0.265684;
361;5;0.265684;
362;5;0.265684;
363;5;0.265684;
364;5;0.265684;
365;5;0.265684;
366;5;0.265684;
367;5;0.265684;
368;5;0.265684;
369;5;0.265684;
370;5;0.265684;
371;5;0.265684;
372;5;0.265684;
373;5;0.265684;
374;5;0.265684;
375;5;0.265684;
376;5;0.265684;
377;5;0.265684;
378;5;0.265684;
379;5;0.265684;
380;5;0.265684;
381;5;0.265684;
382;5;0.265684;
383;5;0.265684;
384;5;0.265684;
385;5;0.265684;
386;5;0.265684;
387;5;0.265684;
388;5;0.265684;
389;5;0.265684;
390;5;0.265684;
391;5;0.265684;
392;5;0.265684;
393;5;0.265684;
394;5;0.265684;
395;5;0.265684;
396;5;0.265684;
397;5;0.265684;
398;5;0.265684;
399;5;0.265684;
400;5;0.265684;
401;5;0.265684;
402;5;0.265684;
403;5;0.265684;
404;5;0.265684;
405;5;0.265684;
406;5;0.265684;
407;5;0.265684;
408;5;0.265684;
409;5;0.265684;
410;5;0.265684;
411;5;0.265684;
412;5;0.265684;
413;5;0.265684;
414;5;0.265684;
415;5;0.265684;
416;5;0.265684;
417;5;0.265684;
418;5;0.265684;
419;5;0.265684;
420;5;0.265684;
421;5;0.265684;
422;5;0.265684;
423;5;0.265684;
424;5;0.265684;
425;5;0.265684;
426;5;0.265684;
427;5;0.265684;
428;5;0.265684;
429;5;0.265684;
430;5;0.265684;
431;5;0.265684;
432;5;0.265684;
433;5;0.265684;
434;5;0.265684;
435;5;0.265684;
436;5;0.265684;
437;5;0.265684;
438;5;0.265684;
439;5;0.265684;
440;5;0.265684;
441;5;0.265684;
442;5;0.265684;
443;5;0.265684;
444;5;0.265684;
445;5;0.265684;
446;5;0.265684;
447;5;0.265684;
448;5;0.265684;
449;5;0.265684;
450;5;0.265684;
451;5;0.265684;
452;5;0.265684;
453;5;0.265684;
454;5;0.265684;
455;5;0.265684;
456;5;0.265684;
457;5;0.265684;
458;5;0.265684;
459;5;0.265684;
460;5;0.265684;
461;5;0.265684;
462;5;0.265684;
463;5;0.265684;
464;5;0.265684;
465;5;0.265684;
466;5;0.265684;
467;5;0.265684;
468;5;0.265684;
469;5;0.265684;
470;5;0.265684;
471;5;0.265684;
472;5;0.265684;
473;5;0.265684;
474;5;0.265684;
475;5;0.265684;
476;5;0.265684;
477;5;0.265684;
478;5;0.265684;
479;5;0.265684;
480;5;0.265684;
481;5;0.265684;
482;5;0.265684;
483;5;0.265684;
484;5;0.265684;
485;5;0.265684;
486;5;0.265684;
487;5;0.265684;
488;5;0.265684;
489;5;0.265684;
490;5;0.265684;
491;5;0.265684;
492;5;0.265684;
493;5;0.265684;
494;5;0.265684;
495;5;0.265684;
496;5;0.265684;
497;5;0.265684;
498;5;0.265684;
499;5;0.265684;
0;5;0.613772;
0;6;0.58056;
1;6;0.550242;
2;6;0.522566;
3;6;0.497302;
4;6;0.474239;
5;6;0.453186;
6;6;0.433968;
7;6;0.416424;
8;6;0.400409;
9;6;0.385789;
10;6;0.372444;
11;6;0.360261;
12;6;0.34914;
13;6;0.338988;
14;6;0.329721;
15;6;0.321262;
16;6;0.313539;
17;6;0.306489;
18;6;0.300054;
19;6;0.29418;
20;6;0.288817;
21;6;0.283922;
22;6;0.279453;
23;6;0.275374;
24;6;0.27165;
25;6;0.268251;
26;6;0.265148;
27;6;0.262315;
28;6;0.259729;
29;6;0.257369;
30;6;0.255214;
31;6;0.253247;
32;6;0.251451;
33;6;0.249812;
34;6;0.248316;
35;6;0.24695;
36;6;0.245703;
37;6;0.244564;
38;6;0.243525;
39;6;0.242577;
40;6;0.241711;
41;6;0.240921;
42;6;0.240199;
43;6;0.23954;
44;6;0.238939;
45;6;0.23839;
46;6;0.237889;
47;6;0.237432;
48;6;0.237014;
49;6;0.236633;
50;6;0.236285;
51;6;0.235968;
52;6;0.235678;
53;6;0.235413;
54;6;0.235171;
55;6;0.234951;
56;6;0.234749;
57;6;0.234566;
58;6;0.234398;
59;6;0.234245;
60;6;0.234105;
61;6;0.233977;
62;6;0.233861;
63;6;0.233754;
64;6;0.233657;
65;6;0.233569;
66;6;0.233488;
67;6;0.233414;
68;6;0.233347;
69;6;0.233285;
70;6;0.233229;
71;6;0.233178;
72;6;0.233131;
73;6;0.233088;
74;6;0.233049;
75;6;0.233013;
76;6;0.232981;
77;6;0.232951;
78;6;0.232924;
79;6;0.232899;
80;6;0.232877;
81;6;0.232856;
82;6;0.232837;
83;6;0.23282;
84;6;0.232805;
85;6;0.23279;
86;6;0.232777;
87;6;0.232765;
88;6;0.232754;
89;6;0.232744;
90;6;0.232735;
91;6;0.232727;
92;6;0.23272;
93;6;0.232713;
94;6;0.232706;
95;6;0.232701;
96;6;0.232695;
97;6;0.232691;
98;6;0.232686;
99;6;0.232682;
100;6;1;
101;6;0.933132;
102;6;0.872091;
103;6;0.816368;
104;6;0.765502;
105;6;0.719068;
106;6;0.67668;
107;6;0.637987;
108;6;0.602664;
109;6;0.57042;
110;6;0.540986;
111;6;0.514117;
112;6;0.489589;
113;6;0.467198;
114;6;0.446758;
115;6;0.4281;
116;6;0.411068;
117;6;0.395519;
118;6;0.381326;
119;6;0.368369;
120;6;0.356542;
121;6;0.345745;
122;6;0.335889;
123;6;0.326892;
124;6;0.318679;
125;6;0.311181;
126;6;0.304337;
127;6;0.298089;
128;6;0.292386;
129;6;0.28718;
130;6;0.282427;
131;6;0.278089;
132;6;0.274128;
133;6;0.270513;
134;6;0.267213;
135;6;0.2642;
136;6;0.26145;
137;6;0.25894;
138;6;0.256648;
139;6;0.254556;
140;6;0.252646;
141;6;0.250903;
142;6;0.249311;
143;6;0.247859;
144;6;0.246533;
145;6;0.245322;
146;6;0.244217;
147;6;0.243208;
148;6;0.242287;
149;6;0.241447;
150;6;0.240679;
151;6;0.239979;
152;6;0.239339;
153;6;0.238755;
154;6;0.238223;
155;6;0.237736;
156;6;0.237292;
157;6;0.236887;
158;6;0.236517;
159;6;0.236179;
160;6;0.235871;
161;6;0.235589;
162;6;0.235332;
163;6;0.235098;
164;6;0.234883;
165;6;0.234688;
166;6;0.23451;
167;6;0.234347;
168;6;0.234198;
169;6;0.234062;
170;6;0.233938;
171;6;0.233825;
172;6;0.233722;
173;6;0.233628;
174;6;0.233542;
175;6;0.233463;
176;6;0.233391;
177;6;0.233326;
178;6;0.233266;
179;6;0.233212;
180;6;0.233162;
181;6;0.233116;
182;6;0.233075;
183;6;0.233037;
184;6;0.233003;
185;6;0.232971;
186;6;0.232942;
187;6;0.232916;
188;6;0.232892;
189;6;0.23287;
190;6;0.23285;
191;6;0.232832;
192;6;0.232815;
193;6;0.2328;
194;6;0.232786;
195;6;0.232773;
196;6;0.232762;
197;6;0.232751;
198;6;0.232741;
199;6;0.232733;
200;6;0.232725;
201;6;0.232717;
202;6;0.232711;
203;6;0.232704;
204;6;0.232699;
205;6;0.232694;
206;6;0.232689;
207;6;0.232685;
208;6;0.232681;
209;6;0.232677;
210;6;0.232674;
211;6;0.232671;
212;6;0.232669;
213;6;0.232666;
214;6;0.232664;
215;6;0.232662;
216;6;0.23266;
217;6;0.232658;
218;6;0.232657;
219;6;0.232655;
220;6;0.232654;
221;6;0.232653;
222;6;0.232652;
223;6;0.232651;
224;6;0.23265;
225;6;0.232649;
226;6;0.232648;
227;6;0.232648;
228;6;0.232647;
229;6;0.232646;
230;6;0.232646;
231;6;0.232645;
232;6;0.232645;
233;6;0.232645;
234;6;0.232644;
235;6;0.232644;
236;6;0.232644;
237;6;0.232643;
238;6;0.232643;
239;6;0.232643;
240;6;0.232643;
241;6;0.232642;
242;6;0.232642;
243;6;0.232642;
244;6;0.232642;
245;6;0.232642;
246;6;0.232642;
247;6;0.232642;
248;6;0.232641;
249;6;0.232641;
250;6;0.232641;
251;6;0.232641;
252;6;0.232641;
253;6;0.232641;
254;6;0.232641;
255;6;0.232641;
256;6;0.232641;
257;6;0.232641;
258;6;0.232641;
259;6;0.232641;
260;6;0.232641;
261;6;0.232641;
262;6;0.232641;
263;6;0.232641;
264;6;0.232641;
265;6;0.232641;
266;6;0.232641;
267;6;0.232641;
268;6;0.232641;
269;6;0.232641;
270;6;0.232641;
271;6;0.232641;
272;6;0.23264;
273;6;0.23264;
274;6;0.23264;
275;6;0.23264;
276;6;0.23264;
277;6;0.23264;
278;6;0.23264;
279;6;0.23264;
280;6;0.23264;
281;6;0.23264;
282;6;0.23264;
283;6;0.23264;
284;6;0.23264;
285;6;0.23264;
286;6;0.23264;
287;6;0.23264;
288;6;0.23264;
289;6;0.23264;
290;6;0.23264;
291;6;0.23264;
292;6;0.23264;
293;6;0.23264;
294;6;0.23264;
295;6;0.23264;
296;6;0.23264;
297;6;0.23264;
298;6;0.23264;
299;6;0.23264;
300;6;0.23264;
301;6;0.23264;
302;6;0.23264;
303;6;0.23264;
304;6;0.23264;
305;6;0.23264;
306;6;0.23264;
307;6;0.23264;
308;6;0.23264;
309;6;0.23264;
310;6;0.23264;
311;6;0.23264;
312;6;0.23264;
313;6;0.23264;
314;6;0.23264;
315;6;0.23264;
316;6;0.23264;
317;6;0.23264;
318;6;0.23264;
319;6;0.23264;
320;6;0.23264;
321;6;0.23264;
322;6;0.23264;
323;6;0.23264;
324;6;0.23264;
325;6;0.23264;
326;6;0.23264;
327;6;0.23264;
328;6;0.23264;
329;6;0.23264;
330;6;0.23264;
331;6;0.23264;
332;6;0.23264;
333;6;0.23264;
334;6;0.23264;
335;6;0.23264;
336;6;0.23264;
337;6;0.23264;
338;6;0.23264;
339;6;0.23264;
340;6;0.23264;
341;6;0.23264;
342;6;0.23264;
343;6;0.23264;
344;6;0.23264;
345;6;0.23264;
346;6;0.23264;
347;6;0.23264;
348;6;0.23264;
349;6;0.23264;
350;6;0.23264;
351;6;0.23264;
352;6;0.23264;
353;6;0.23264;
354;6;0.23264;
355;6;0.23264;
356;6;0.23264;
357;6;0.23264;
358;6;0.23264;
359;6;0.23264;
360;6;0.23264;
361;6;0.23264;
362;6;0.23264;
363;6;0.23264;
364;6;0.23264;
365;6;0.23264;
366;6;0.23264;
367;6;0.23264;
368;6;0.23264;
369;6;0.23264;
370;6;0.23264;
371;6;0.23264;
372;6;0.23264;
373;6;0.23264;
374;6;0.23264;
375;6;0.23264;
376;6;0.23264;
377;6;0.23264;
378;6;0.23264;
379;6;0.23264;
380;6;0.23264;
381;6;0.23264;
382;6;0.23264;
383;6;0.23264;
384;6;0.23264;
385;6;0.23264;
386;6;0.23264;
387;6;0.23264;
388;6;0.23264;
389;6;0.23264;
390;6;0.23264;
391;6;0.23264;
392;6;0.23264;
393;6;0.23264;
394;6;0.23264;
395;6;0.23264;
396;6;0.23264;
397;6;0.23264;
398;6;0.23264;
399;6;0.23264;
400;6;0.23264;
401;6;0.23264;
402;6;0.23264;
403;6;0.23264;
404;6;0.23264;
405;6;0.23264;
406;6;0.23264;
407;6;0.23264;
408;6;0.23264;
409;6;0.23264;
410;6;0.23264;
411;6;0.23264;
412;6;0.23264;
413;6;0.23264;
414;6;0.23264;
415;6;0.23264;
416;6;0.23264;
417;6;0.23264;
418;6;0.23264;
419;6;0.23264;
420;6;0.23264;
421;6;0.23264;
422;6;0.23264;
423;6;0.23264;
424;6;0.23264;
425;6;0.23264;
426;6;0.23264;
427;6;0.23264;
428;6;0.23264;
429;6;0.23264;
430;6;0.23264;
431;6;0.23264;
432;6;0.23264;
433;6;0.23264;
434;6;0.23264;
435;6;0.23264;
436;6;0.23264;
437;6;0.23264;
438;6;0.23264;
439;6;0.23264;
440;6;0.23264;
441;6;0.23264;
442;6;0.23264;
443;6;0.23264;
444;6;0.23264;
445;6;0.23264;
446;6;0.23264;
447;6;0.23264;
448;6;0.23264;
449;6;0.23264;
450;6;0.23264;
451;6;0.23264;
452;6;0.23264;
453;6;0.23264;
454;6;0.23264;
455;6;0.23264;
456;6;0.23264;
457;6;0.23264;
458;6;0.23264;
459;6;0.23264;
460;6;0.23264;
461;6;0.23264;
462;6;0.23264;
463;6;0.23264;
464;6;0.23264;
465;6;0.23264;
466;6;0.23264;
467;6;0.23264;
468;6;0.23264;
469;6;0.23264;
470;6;0.23264;
471;6;0.23264;
472;6;0.23264;
473;6;0.23264;
474;6;0.23264;
475;6;0.23264;
476;6;0.23264;
477;6;0.23264;
478;6;0.23264;
479;6;0.23264;
480;6;0.23264;
481;6;0.23264;
482;6;0.23264;
483;6;0.23264;
484;6;0.23264;
485;6;0.23264;
486;6;0.23264;
487;6;0.23264;
488;6;0.23264;
489;6;0.23264;
490;6;0.23264;
491;6;0.23264;
492;6;0.23264;
493;6;0.23264;
494;6;0.23264;
495;6;0.23264;
496;6;0.23264;
497;6;0.23264;
498;6;0.23264;
499;6;0.23264;
0;6;0.477432;
0;7;0.46512;
1;7;0.453722;
2;7;0.443171;
3;7;0.433404;
4;7;0.424362;
5;7;0.415991;
6;7;0.408243;
7;7;0.40107;
8;7;0.39443;
9;7;0.388283;
10;7;0.382593;
11;7;0.377325;
12;7;0.372449;
13;7;0.367935;
14;7;0.363756;
15;7;0.359888;
16;7;0.356307;
17;7;0.352992;
18;7;0.349923;
19;7;0.347082;
20;7;0.344452;
21;7;0.342018;
22;7;0.339764;
23;7;0.337678;
24;7;0.335747;
25;7;0.333959;
26;7;0.332304;
27;7;0.330772;
28;7;0.329354;
29;7;0.328041;
30;7;0.326826;
31;7;0.3257;
32;7;0.324659;
33;7;0.323695;
34;7;0.322802;
35;7;0.321976;
36;7;0.321211;
37;7;0.320503;
38;7;0.319848;
39;7;0.319241;
40;7;0.318679;
41;7;0.318159;
42;7;0.317678;
43;7;0.317232;
44;7;0.31682;
45;7;0.316438;
46;7;0.316084;
47;7;0.315757;
48;7;0.315454;
49;7;0.315174;
50;7;0.314914;
51;7;0.314674;
52;7;0.314451;
53;7;0.314245;
54;7;0.314055;
55;7;0.313878;
56;7;0.313715;
57;7;0.313564;
58;7;0.313424;
59;7;0.313294;
60;7;0.313174;
61;7;0.313063;
62;7;0.31296;
63;7;0.312865;
64;7;0.312777;
65;7;0.312695;
66;7;0.31262;
67;7;0.31255;
68;7;0.312485;
69;7;0.312425;
70;7;0.31237;
71;7;0.312319;
72;7;0.312271;
73;7;0.312227;
74;7;0.312186;
75;7;0.312149;
76;7;0.312114;
77;7;0.312082;
78;7;0.312052;
79;7;0.312024;
80;7;0.311998;
81;7;0.311975;
82;7;0.311953;
83;7;0.311932;
84;7;0.311914;
85;7;0.311896;
86;7;0.31188;
87;7;0.311865;
88;7;0.311851;
89;7;0.311838;
90;7;0.311827;
91;7;0.311816;
92;7;0.311805;
93;7;0.311796;
94;7;0.311787;
95;7;0.311779;
96;7;0.311772;
97;7;0.311765;
98;7;0.311759;
99;7;0.311753;
100;7;1;
101;7;0.948871;
102;7;0.901539;
103;7;0.857724;
104;7;0.817163;
105;7;0.779615;
106;7;0.744856;
107;7;0.712679;
108;7;0.682892;
109;7;0.655318;
110;7;0.629792;
111;7;0.606162;
112;7;0.584288;
113;7;0.564038;
114;7;0.545292;
115;7;0.527939;
116;7;0.511875;
117;7;0.497004;
118;7;0.483238;
119;7;0.470495;
120;7;0.458698;
121;7;0.447777;
122;7;0.437667;
123;7;0.428309;
124;7;0.419645;
125;7;0.411625;
126;7;0.404201;
127;7;0.397329;
128;7;0.390966;
129;7;0.385077;
130;7;0.379625;
131;7;0.374578;
132;7;0.369906;
133;7;0.36558;
134;7;0.361577;
135;7;0.35787;
136;7;0.354439;
137;7;0.351263;
138;7;0.348322;
139;7;0.3456;
140;7;0.343081;
141;7;0.340748;
142;7;0.338589;
143;7;0.33659;
144;7;0.33474;
145;7;0.333027;
146;7;0.331441;
147;7;0.329973;
148;7;0.328614;
149;7;0.327356;
150;7;0.326192;
151;7;0.325114;
152;7;0.324116;
153;7;0.323192;
154;7;0.322337;
155;7;0.321545;
156;7;0.320812;
157;7;0.320134;
158;7;0.319506;
159;7;0.318924;
160;7;0.318386;
161;7;0.317888;
162;7;0.317427;
163;7;0.317;
164;7;0.316604;
165;7;0.316239;
166;7;0.3159;
167;7;0.315586;
168;7;0.315296;
169;7;0.315027;
170;7;0.314779;
171;7;0.314548;
172;7;0.314335;
173;7;0.314138;
174;7;0.313955;
175;7;0.313786;
176;7;0.31363;
177;7;0.313485;
178;7;0.313351;
179;7;0.313227;
180;7;0.313112;
181;7;0.313005;
182;7;0.312907;
183;7;0.312815;
184;7;0.312731;
185;7;0.312653;
186;7;0.312581;
187;7;0.312514;
188;7;0.312452;
189;7;0.312394;
190;7;0.312341;
191;7;0.312292;
192;7;0.312246;
193;7;0.312204;
194;7;0.312165;
195;7;0.312129;
196;7;0.312096;
197;7;0.312065;
198;7;0.312036;
199;7;0.31201;
200;7;0.311985;
201;7;0.311962;
202;7;0.311941;
203;7;0.311922;
204;7;0.311904;
205;7;0.311887;
206;7;0.311872;
207;7;0.311857;
208;7;0.311844;
209;7;0.311832;
210;7;0.31182;
211;7;0.31181;
212;7;0.3118;
213;7;0.311791;
214;7;0.311783;
215;7;0.311775;
216;7;0.311768;
217;7;0.311761;
218;7;0.311755;
219;7;0.31175;
220;7;0.311744;
221;7;0.311739;
222;7;0.311735;
223;7;0.311731;
224;7;0.311727;
225;7;0.311723;
226;7;0.31172;
227;7;0.311717;
228;7;0.311714;
229;7;0.311712;
230;7;0.311709;
231;7;0.311707;
232;7;0.311705;
233;7;0.311703;
234;7;0.311701;
235;7;0.3117;
236;7;0.311698;
237;7;0.311697;
238;7;0.311695;
239;7;0.311694;
240;7;0.311693;
241;7;0.311692;
242;7;0.311691;
243;7;0.31169;
244;7;0.311689;
245;7;0.311688;
246;7;0.311688;
247;7;0.311687;
248;7;0.311687;
249;7;0.311686;
250;7;0.311685;
251;7;0.311685;
252;7;0.311685;
253;7;0.311684;
254;7;0.311684;
255;7;0.311683;
256;7;0.311683;
257;7;0.311683;
258;7;0.311682;
259;7;0.311682;
260;7;0.311682;
261;7;0.311682;
262;7;0.311682;
263;7;0.311681;
264;7;0.311681;
265;7;0.311681;
266;7;0.311681;
267;7;0.311681;
268;7;0.311681;
269;7;0.31168;
270;7;0.31168;
271;7;0.31168;
272;7;0.31168;
273;7;0.31168;
274;7;0.31168;
275;7;0.31168;
276;7;0.31168;
277;7;0.31168;
278;7;0.31168;
279;7;0.31168;
280;7;0.31168;
281;7;0.31168;
282;7;0.31168;
283;7;0.31168;
284;7;0.311679;
285;7;0.311679;
286;7;0.311679;
287;7;0.311679;
288;7;0.311679;
289;7;0.311679;
290;7;0.311679;
291;7;0.311679;
292;7;0.311679;
293;7;0.311679;
294;7;0.311679;
295;7;0.311679;
296;7;0.311679;
297;7;0.311679;
298;7;0.311679;
299;7;0.311679;
300;7;0.311679;
301;7;0.311679;
302;7;0.311679;
303;7;0.311679;
304;7;0.311679;
305;7;0.311679;
306;7;0.311679;
307;7;0.311679;
308;7;0.311679;
309;7;0.311679;
310;7;0.311679;
311;7;0.311679;
312;7;0.311679;
313;7;0.311679;
314;7;0.311679;
315;7;0.311679;
316;7;0.311679;
317;7;0.311679;
318;7;0.311679;
319;7;0.311679;
320;7;0.311679;
321;7;0.311679;
322;7;0.311679;
323;7;0.311679;
324;7;0.311679;
325;7;0.311679;
326;7;0.311679;
327;7;0.311679;
328;7;0.311679;
329;7;0.311679;
330;7;0.311679;
331;7;0.311679;
332;7;0.311679;
333;7;0.311679;
334;7;0.311679;
335;7;0.311679;
336;7;0.311679;
337;7;0.311679;
338;7;0.311679;
339;7;0.311679;
340;7;0.311679;
341;7;0.311679;
342;7;0.311679;
343;7;0.311679;
344;7;0.311679;
345;7;0.311679;
346;7;0.311679;
347;7;0.311679;
348;7;0.311679;
349;7;0.311679;
350;7;0.311679;
351;7;0.311679;
352;7;0.311679;
353;7;0.311679;
354;7;0.311679;
355;7;0.311679;
356;7;0.311679;
357;7;0.311679;
358;7;0.311679;
359;7;0.311679;
360;7;0.311679;
361;7;0.311679;
362;7;0.311679;
363;7;0.311679;
364;7;0.311679;
365;7;0.311679;
366;7;0.311679;
367;7;0.311679;
368;7;0.311679;
369;7;0.311679;
370;7;0.311679;
371;7;0.311679;
372;7;0.311679;
373;7;0.311679;
374;7;0.311679;
375;7;0.311679;
376;7;0.311679;
377;7;0.311679;
378;7;0.311679;
379;7;0.311679;
380;7;0.311679;
381;7;0.311679;
382;7;0.311679;
383;7;0.311679;
384;7;0.311679;
385;7;0.311679;
386;7;0.311679;
387;7;0.311679;
388;7;0.311679;
389;7;0.311679;
390;7;0.311679;
391;7;0.311679;
392;7;0.311679;
393;7;0.311679;
394;7;0.311679;
395;7;0.311679;
396;7;0.311679;
397;7;0.311679;
398;7;0.311679;
399;7;0.311679;
400;7;0.311679;
401;7;0.311679;
402;7;0.311679;
403;7;0.311679;
404;7;0.311679;
405;7;0.311679;
406;7;0.311679;
407;7;0.311679;
408;7;0.311679;
409;7;0.311679;
410;7;0.311679;
411;7;0.311679;
412;7;0.311679;
413;7;0.311679;
414;7;0.311679;
415;7;0.311679;
416;7;0.311679;
417;7;0.311679;
418;7;0.311679;
419;7;0.311679;
420;7;0.311679;
421;7;0.311679;
422;7;0.311679;
423;7;0.311679;
424;7;0.311679;
425;7;0.311679;
426;7;0.311679;
427;7;0.311679;
428;7;0.311679;
429;7;0.311679;
430;7;0.311679;
431;7;0.311679;
432;7;0.311679;
433;7;0.311679;
434;7;0.311679;
435;7;0.311679;
436;7;0.311679;
437;7;0.311679;
438;7;0.311679;
439;7;0.311679;
440;7;0.311679;
441;7;0.311679;
442;7;0.311679;
443;7;0.311679;
444;7;0.311679;
445;7;0.311679;
446;7;0.311679;
447;7;0.311679;
448;7;0.311679;
449;7;0.311679;
450;7;0.311679;
451;7;0.311679;
452;7;0.311679;
453;7;0.311679;
454;7;0.311679;
455;7;0.311679;
456;7;0.311679;
457;7;0.311679;
458;7;0.311679;
459;7;0.311679;
460;7;0.311679;
461;7;0.311679;
462;7;0.311679;
463;7;0.311679;
464;7;0.311679;
465;7;0.311679;
466;7;0.311679;
467;7;0.311679;
468;7;0.311679;
469;7;0.311679;
470;7;0.311679;
471;7;0.311679;
472;7;0.311679;
473;7;0.311679;
474;7;0.311679;
475;7;0.311679;
476;7;0.311679;
477;7;0.311679;
478;7;0.311679;
479;7;0.311679;
480;7;0.311679;
481;7;0.311679;
482;7;0.311679;
483;7;0.311679;
484;7;0.311679;
485;7;0.311679;
486;7;0.311679;
487;7;0.311679;
488;7;0.311679;
489;7;0.311679;
490;7;0.311679;
491;7;0.311679;
492;7;0.311679;
493;7;0.311679;
494;7;0.311679;
495;7;0.311679;
496;7;0.311679;
497;7;0.311679;
498;7;0.311679;
499;7;0.311679;
0;7;0.403369;
0;8;0.386184;
1;8;0.370717;
2;8;0.356798;
3;8;0.34427;
4;8;0.332995;
5;8;0.322847;
6;8;0.313714;
7;8;0.305495;
8;8;0.298097;
9;8;0.291439;
10;8;0.285447;
11;8;0.280055;
12;8;0.275201;
13;8;0.270833;
14;8;0.266901;
15;8;0.263363;
16;8;0.260179;
17;8;0.257313;
18;8;0.254733;
19;8;0.252412;
20;8;0.250323;
21;8;0.248442;
22;8;0.24675;
23;8;0.245227;
24;8;0.243856;
25;8;0.242622;
26;8;0.241512;
27;8;0.240513;
28;8;0.239613;
29;8;0.238804;
30;8;0.238076;
31;8;0.23742;
32;8;0.23683;
33;8;0.236299;
34;8;0.235821;
35;8;0.235391;
36;8;0.235003;
37;8;0.234655;
38;8;0.234341;
39;8;0.234059;
40;8;0.233805;
41;8;0.233577;
42;8;0.233371;
43;8;0.233186;
44;8;0.233019;
45;8;0.232869;
46;8;0.232734;
47;8;0.232613;
48;8;0.232503;
49;8;0.232405;
50;8;0.232316;
51;8;0.232236;
52;8;0.232165;
53;8;0.2321;
54;8;0.232042;
55;8;0.23199;
56;8;0.231943;
57;8;0.2319;
58;8;0.231862;
59;8;0.231828;
60;8;0.231797;
61;8;0.231769;
62;8;0.231744;
63;8;0.231722;
64;8;0.231701;
65;8;0.231683;
66;8;0.231667;
67;8;0.231652;
68;8;0.231639;
69;8;0.231627;
70;8;0.231616;
71;8;0.231606;
72;8;0.231598;
73;8;0.23159;
74;8;0.231583;
75;8;0.231576;
76;8;0.231571;
77;8;0.231565;
78;8;0.231561;
79;8;0.231557;
80;8;0.231553;
81;8;0.23155;
82;8;0.231546;
83;8;0.231544;
84;8;0.231541;
85;8;0.231539;
86;8;0.231537;
87;8;0.231535;
88;8;0.231534;
89;8;0.231532;
90;8;0.231531;
91;8;0.23153;
92;8;0.231529;
93;8;0.231528;
94;8;0.231527;
95;8;0.231526;
96;8;0.231525;
97;8;0.231525;
98;8;0.231524;
99;8;0.231524;
100;8;0.934323;
101;8;0.864043;
102;8;0.80079;
103;8;0.743863;
104;8;0.692629;
105;8;0.646518;
106;8;0.605018;
107;8;0.567668;
108;8;0.534053;
109;8;0.5038;
110;8;0.476572;
111;8;0.452066;
112;8;0.430012;
113;8;0.410162;
114;8;0.392298;
115;8;0.37622;
116;8;0.36175;
117;8;0.348727;
118;8;0.337006;
119;8;0.326458;
120;8;0.316964;
121;8;0.308419;
122;8;0.300729;
123;8;0.293808;
124;8;0.287579;
125;8;0.281973;
126;8;0.276928;
127;8;0.272387;
128;8;0.2683;
129;8;0.264622;
130;8;0.261312;
131;8;0.258333;
132;8;0.255651;
133;8;0.253238;
134;8;0.251066;
135;8;0.249111;
136;8;0.247352;
137;8;0.245769;
138;8;0.244344;
139;8;0.243061;
140;8;0.241907;
141;8;0.240868;
142;8;0.239933;
143;8;0.239092;
144;8;0.238335;
145;8;0.237653;
146;8;0.23704;
147;8;0.236488;
148;8;0.235991;
149;8;0.235544;
150;8;0.235141;
151;8;0.234779;
152;8;0.234453;
153;8;0.23416;
154;8;0.233896;
155;8;0.233658;
156;8;0.233444;
157;8;0.233252;
158;8;0.233078;
159;8;0.232922;
160;8;0.232782;
161;8;0.232656;
162;8;0.232542;
163;8;0.23244;
164;8;0.232348;
165;8;0.232265;
166;8;0.23219;
167;8;0.232123;
168;8;0.232063;
169;8;0.232008;
170;8;0.231959;
171;8;0.231915;
172;8;0.231876;
173;8;0.23184;
174;8;0.231808;
175;8;0.231779;
176;8;0.231753;
177;8;0.23173;
178;8;0.231709;
179;8;0.23169;
180;8;0.231673;
181;8;0.231657;
182;8;0.231643;
183;8;0.231631;
184;8;0.23162;
185;8;0.23161;
186;8;0.231601;
187;8;0.231593;
188;8;0.231585;
189;8;0.231579;
190;8;0.231573;
191;8;0.231567;
192;8;0.231562;
193;8;0.231558;
194;8;0.231554;
195;8;0.231551;
196;8;0.231548;
197;8;0.231545;
198;8;0.231542;
199;8;0.23154;
200;8;0.231538;
201;8;0.231536;
202;8;0.231534;
203;8;0.231533;
204;8;0.231531;
205;8;0.23153;
206;8;0.231529;
207;8;0.231528;
208;8;0.231527;
209;8;0.231526;
210;8;0.231526;
211;8;0.231525;
212;8;0.231524;
213;8;0.231524;
214;8;0.231523;
215;8;0.231523;
216;8;0.231523;
217;8;0.231522;
218;8;0.231522;
219;8;0.231522;
220;8;0.231521;
221;8;0.231521;
222;8;0.231521;
223;8;0.231521;
224;8;0.231521;
225;8;0.23152;
226;8;0.23152;
227;8;0.23152;
228;8;0.23152;
229;8;0.23152;
230;8;0.23152;
231;8;0.23152;
232;8;0.23152;
233;8;0.23152;
234;8;0.23152;
235;8;0.23152;
236;8;0.23152;
237;8;0.231519;
238;8;0.231519;
239;8;0.231519;
240;8;0.231519;
241;8;0.231519;
242;8;0.231519;
243;8;0.231519;
244;8;0.231519;
245;8;0.231519;
246;8;0.231519;
247;8;0.231519;
248;8;0.231519;
249;8;0.231519;
250;8;0.231519;
251;8;0.231519;
252;8;0.231519;
253;8;0.231519;
254;8;0.231519;
255;8;0.231519;
256;8;0.231519;
257;8;0.231519;
258;8;0.231519;
259;8;0.231519;
260;8;0.231519;
261;8;0.231519;
262;8;0.231519;
263;8;0.231519;
264;8;0.231519;
265;8;0.231519;
266;8;0.231519;
267;8;0.231519;
268;8;0.231519;
269;8;0.231519;
270;8;0.231519;
271;8;0.231519;
272;8;0.231519;
273;8;0.231519;
274;8;0.231519;
275;8;0.231519;
276;8;0.231519;
277;8;0.231519;
278;8;0.231519;
279;8;0.231519;
280;8;0.231519;
281;8;0.231519;
282;8;0.231519;
283;8;0.231519;
284;8;0.231519;
285;8;0.231519;
286;8;0.231519;
287;8;0.231519;
288;8;0.231519;
289;8;0.231519;
290;8;0.231519;
291;8;0.231519;
292;8;0.231519;
293;8;0.231519;
294;8;0.231519;
295;8;0.231519;
296;8;0.231519;
297;8;0.231519;
298;8;0.231519;
299;8;0.231519;
300;8;0.231519;
301;8;0.231519;
302;8;0.231519;
303;8;0.231519;
304;8;0.231519;
305;8;0.231519;
306;8;0.231519;
307;8;0.231519;
308;8;0.231519;
309;8;0.231519;
310;8;0.231519;
311;8;0.231519;
312;8;0.231519;
313;8;0.231519;
314;8;0.231519;
315;8;0.231519;
316;8;0.231519;
317;8;0.231519;
318;8;0.231519;
319;8;0.231519;
320;8;0.231519;
321;8;0.231519;
322;8;0.231519;
323;8;0.231519;
324;8;0.231519;
325;8;0.231519;
326;8;0.231519;
327;8;0.231519;
328;8;0.231519;
329;8;0.231519;
330;8;0.231519;
331;8;0.231519;
332;8;0.231519;
333;8;0.231519;
334;8;0.231519;
335;8;0.231519;
336;8;0.231519;
337;8;0.231519;
338;8;0.231519;
339;8;0.231519;
340;8;0.231519;
341;8;0.231519;
342;8;0.231519;
343;8;0.231519;
344;8;0.231519;
345;8;0.231519;
346;8;0.231519;
347;8;0.231519;
348;8;0.231519;
349;8;0.231519;
350;8;0.231519;
351;8;0.231519;
352;8;0.231519;
353;8;0.231519;
354;8;0.231519;
355;8;0.231519;
356;8;0.231519;
357;8;0.231519;
358;8;0.231519;
359;8;0.231519;
360;8;0.231519;
361;8;0.231519;
362;8;0.231519;
363;8;0.231519;
364;8;0.231519;
365;8;0.231519;
366;8;0.231519;
367;8;0.231519;
368;8;0.231519;
369;8;0.231519;
370;8;0.231519;
371;8;0.231519;
372;8;0.231519;
373;8;0.231519;
374;8;0.231519;
375;8;0.231519;
376;8;0.231519;
377;8;0.231519;
378;8;0.231519;
379;8;0.231519;
380;8;0.231519;
381;8;0.231519;
382;8;0.231519;
383;8;0.231519;
384;8;0.231519;
385;8;0.231519;
386;8;0.231519;
387;8;0.231519;
388;8;0.231519;
389;8;0.231519;
390;8;0.231519;
391;8;0.231519;
392;8;0.231519;
393;8;0.231519;
394;8;0.231519;
395;8;0.231519;
396;8;0.231519;
397;8;0.231519;
398;8;0.231519;
399;8;0.231519;
400;8;0.231519;
401;8;0.231519;
402;8;0.231519;
403;8;0.231519;
404;8;0.231519;
405;8;0.231519;
406;8;0.231519;
407;8;0.231519;
408;8;0.231519;
409;8;0.231519;
410;8;0.231519;
411;8;0.231519;
412;8;0.231519;
413;8;0.231519;
414;8;0.231519;
415;8;0.231519;
416;8;0.231519;
417;8;0.231519;
418;8;0.231519;
419;8;0.231519;
420;8;0.231519;
421;8;0.231519;
422;8;0.231519;
423;8;0.231519;
424;8;0.231519;
425;8;0.231519;
426;8;0.231519;
427;8;0.231519;
428;8;0.231519;
429;8;0.231519;
430;8;0.231519;
431;8;0.231519;
432;8;0.231519;
433;8;0.231519;
434;8;0.231519;
435;8;0.231519;
436;8;0.231519;
437;8;0.231519;
438;8;0.231519;
439;8;0.231519;
440;8;0.231519;
441;8;0.231519;
442;8;0.231519;
443;8;0.231519;
444;8;0.231519;
445;8;0.231519;
446;8;0.231519;
447;8;0.231519;
448;8;0.231519;
449;8;0.231519;
450;8;0.231519;
451;8;0.231519;
452;8;0.231519;
453;8;0.231519;
454;8;0.231519;
455;8;0.231519;
456;8;0.231519;
457;8;0.231519;
458;8;0.231519;
459;8;0.231519;
460;8;0.231519;
461;8;0.231519;
462;8;0.231519;
463;8;0.231519;
464;8;0.231519;
465;8;0.231519;
466;8;0.231519;
467;8;0.231519;
468;8;0.231519;
469;8;0.231519;
470;8;0.231519;
471;8;0.231519;
472;8;0.231519;
473;8;0.231519;
474;8;0.231519;
475;8;0.231519;
476;8;0.231519;
477;8;0.231519;
478;8;0.231519;
479;8;0.231519;
480;8;0.231519;
481;8;0.231519;
482;8;0.231519;
483;8;0.231519;
484;8;0.231519;
485;8;0.231519;
486;8;0.231519;
487;8;0.231519;
488;8;0.231519;
489;8;0.231519;
490;8;0.231519;
491;8;0.231519;
492;8;0.231519;
493;8;0.231519;
494;8;0.231519;
495;8;0.231519;
496;8;0.231519;
497;8;0.231519;
498;8;0.231519;
499;8;0.231519;
0;8;0.484101;
0;9;0.46712;
1;9;0.451548;
2;9;0.437266;
3;9;0.424168;
4;9;0.412156;
5;9;0.40114;
6;9;0.391037;
7;9;0.381771;
8;9;0.373274;
9;9;0.365481;
10;9;0.358334;
11;9;0.35178;
12;9;0.345769;
13;9;0.340256;
14;9;0.335201;
15;9;0.330564;
16;9;0.326312;
17;9;0.322412;
18;9;0.318836;
19;9;0.315556;
20;9;0.312548;
21;9;0.309789;
22;9;0.307259;
23;9;0.304939;
24;9;0.302811;
25;9;0.30086;
26;9;0.29907;
27;9;0.297429;
28;9;0.295924;
29;9;0.294543;
30;9;0.293277;
31;9;0.292116;
32;9;0.291051;
33;9;0.290075;
34;9;0.289179;
35;9;0.288358;
36;9;0.287605;
37;9;0.286914;
38;9;0.28628;
39;9;0.285699;
40;9;0.285166;
41;9;0.284678;
42;9;0.28423;
43;9;0.283819;
44;9;0.283442;
45;9;0.283096;
46;9;0.282779;
47;9;0.282488;
48;9;0.282222;
49;9;0.281977;
50;9;0.281753;
51;9;0.281547;
52;9;0.281359;
53;9;0.281186;
54;9;0.281027;
55;9;0.280881;
56;9;0.280748;
57;9;0.280626;
58;9;0.280513;
59;9;0.28041;
60;9;0.280316;
61;9;0.280229;
62;9;0.28015;
63;9;0.280077;
64;9;0.280011;
65;9;0.279949;
66;9;0.279893;
67;9;0.279842;
68;9;0.279794;
69;9;0.279751;
70;9;0.279711;
71;9;0.279675;
72;9;0.279641;
73;9;0.279611;
74;9;0.279583;
75;9;0.279557;
76;9;0.279533;
77;9;0.279512;
78;9;0.279492;
79;9;0.279474;
80;9;0.279457;
81;9;0.279441;
82;9;0.279427;
83;9;0.279415;
84;9;0.279403;
85;9;0.279392;
86;9;0.279382;
87;9;0.279373;
88;9;0.279364;
89;9;0.279357;
90;9;0.27935;
91;9;0.279343;
92;9;0.279337;
93;9;0.279332;
94;9;0.279327;
95;9;0.279322;
96;9;0.279318;
97;9;0.279314;
98;9;0.279311;
99;9;0.279308;
100;9;1;
101;9;0.940251;
102;9;0.885455;
103;9;0.835202;
104;9;0.789115;
105;9;0.746848;
106;9;0.708086;
107;9;0.672537;
108;9;0.639935;
109;9;0.610035;
110;9;0.582615;
111;9;0.557467;
112;9;0.534405;
113;9;0.513254;
114;9;0.493857;
115;9;0.476067;
116;9;0.459753;
117;9;0.444791;
118;9;0.431069;
119;9;0.418485;
120;9;0.406944;
121;9;0.39636;
122;9;0.386653;
123;9;0.377751;
124;9;0.369587;
125;9;0.3621;
126;9;0.355233;
127;9;0.348936;
128;9;0.343161;
129;9;0.337864;
130;9;0.333007;
131;9;0.328552;
132;9;0.324467;
133;9;0.32072;
134;9;0.317284;
135;9;0.314133;
136;9;0.311243;
137;9;0.308592;
138;9;0.306162;
139;9;0.303932;
140;9;0.301888;
141;9;0.300013;
142;9;0.298294;
143;9;0.296717;
144;9;0.295271;
145;9;0.293944;
146;9;0.292728;
147;9;0.291612;
148;9;0.290589;
149;9;0.289651;
150;9;0.288791;
151;9;0.288002;
152;9;0.287278;
153;9;0.286614;
154;9;0.286005;
155;9;0.285447;
156;9;0.284935;
157;9;0.284466;
158;9;0.284035;
159;9;0.28364;
160;9;0.283278;
161;9;0.282946;
162;9;0.282641;
163;9;0.282362;
164;9;0.282106;
165;9;0.281871;
166;9;0.281655;
167;9;0.281458;
168;9;0.281277;
169;9;0.28111;
170;9;0.280958;
171;9;0.280818;
172;9;0.28069;
173;9;0.280572;
174;9;0.280465;
175;9;0.280366;
176;9;0.280275;
177;9;0.280192;
178;9;0.280116;
179;9;0.280046;
180;9;0.279982;
181;9;0.279923;
182;9;0.279869;
183;9;0.279819;
184;9;0.279774;
185;9;0.279732;
186;9;0.279694;
187;9;0.279659;
188;9;0.279627;
189;9;0.279598;
190;9;0.279571;
191;9;0.279546;
192;9;0.279523;
193;9;0.279502;
194;9;0.279483;
195;9;0.279466;
196;9;0.27945;
197;9;0.279435;
198;9;0.279421;
199;9;0.279409;
200;9;0.279398;
201;9;0.279387;
202;9;0.279378;
203;9;0.279369;
204;9;0.279361;
205;9;0.279353;
206;9;0.279347;
207;9;0.27934;
208;9;0.279335;
209;9;0.27933;
210;9;0.279325;
211;9;0.27932;
212;9;0.279316;
213;9;0.279313;
214;9;0.279309;
215;9;0.279306;
216;9;0.279303;
217;9;0.279301;
218;9;0.279298;
219;9;0.279296;
220;9;0.279294;
221;9;0.279292;
222;9;0.279291;
223;9;0.279289;
224;9;0.279288;
225;9;0.279286;
226;9;0.279285;
227;9;0.279284;
228;9;0.279283;
229;9;0.279282;
230;9;0.279281;
231;9;0.27928;
232;9;0.27928;
233;9;0.279279;
234;9;0.279278;
235;9;0.279278;
236;9;0.279277;
237;9;0.279277;
238;9;0.279277;
239;9;0.279276;
240;9;0.279276;
241;9;0.279275;
242;9;0.279275;
243;9;0.279275;
244;9;0.279275;
245;9;0.279274;
246;9;0.279274;
247;9;0.279274;
248;9;0.279274;
249;9;0.279274;
250;9;0.279274;
251;9;0.279273;
252;9;0.279273;
253;9;0.279273;
254;9;0.279273;
255;9;0.279273;
256;9;0.279273;
257;9;0.279273;
258;9;0.279273;
259;9;0.279273;
260;9;0.279273;
261;9;0.279272;
262;9;0.279272;
263;9;0.279272;
264;9;0.279272;
265;9;0.279272;
266;9;0.279272;
267;9;0.279272;
268;9;0.279272;
269;9;0.279272;
270;9;0.279272;
271;9;0.279272;
272;9;0.279272;
273;9;0.279272;
274;9;0.279272;
275;9;0.279272;
276;9;0.279272;
277;9;0.279272;
278;9;0.279272;
279;9;0.279272;
280;9;0.279272;
281;9;0.279272;
282;9;0.279272;
283;9;0.279272;
284;9;0.279272;
285;9;0.279272;
286;9;0.279272;
287;9;0.279272;
288;9;0.279272;
289;9;0.279272;
290;9;0.279272;
291;9;0.279272;
292;9;0.279272;
293;9;0.279272;
294;9;0.279272;
295;9;0.279272;
296;9;0.279272;
297;9;0.279272;
298;9;0.279272;
299;9;0.279272;
300;9;0.279272;
301;9;0.279272;
302;9;0.279272;
303;9;0.279272;
304;9;0.279272;
305;9;0.279272;
306;9;0.279272;
307;9;0.279272;
308;9;0.279272;
309;9;0.279272;
310;9;0.279272;
311;9;0.279272;
312;9;0.279272;
313;9;0.279272;
314;9;0.279272;
315;9;0.279272;
316;9;0.279272;
317;9;0.279272;
318;9;0.279272;
319;9;0.279272;
320;9;0.279272;
321;9;0.279272;
322;9;0.279272;
323;9;0.279272;
324;9;0.279272;
325;9;0.279272;
326;9;0.279272;
327;9;0.279272;
328;9;0.279272;
329;9;0.279272;
330;9;0.279272;
331;9;0.279272;
332;9;0.279272;
333;9;0.279272;
334;9;0.279272;
335;9;0.279272;
336;9;0.279272;
337;9;0.279272;
338;9;0.279272;
339;9;0.279272;
340;9;0.279272;
341;9;0.279272;
342;9;0.279272;
343;9;0.279272;
344;9;0.279272;
345;9;0.279272;
346;9;0.279272;
347;9;0.279272;
348;9;0.279272;
349;9;0.279272;
350;9;0.279272;
351;9;0.279272;
352;9;0.279272;
353;9;0.279272;
354;9;0.279272;
355;9;0.279272;
356;9;0.279272;
357;9;0.279272;
358;9;0.279272;
359;9;0.279272;
360;9;0.279272;
361;9;0.279272;
362;9;0.279272;
363;9;0.279272;
364;9;0.279272;
365;9;0.279272;
366;9;0.279272;
367;9;0.279272;
368;9;0.279272;
369;9;0.279272;
370;9;0.279272;
371;9;0.279272;
372;9;0.279272;
373;9;0.279272;
374;9;0.279272;
375;9;0.279272;
376;9;0.279272;
377;9;0.279272;
378;9;0.279272;
379;9;0.279272;
380;9;0.279272;
381;9;0.279272;
382;9;0.279272;
383;9;0.279272;
384;9;0.279272;
385;9;0.279272;
386;9;0.279272;
387;9;0.279272;
388;9;0.279272;
389;9;0.279272;
390;9;0.279272;
391;9;0.279272;
392;9;0.279272;
393;9;0.279272;
394;9;0.279272;
395;9;0.279272;
396;9;0.279272;
397;9;0.279272;
398;9;0.279272;
399;9;0.279272;
400;9;0.279272;
401;9;0.279272;
402;9;0.279272;
403;9;0.279272;
404;9;0.279272;
405;9;0.279272;
406;9;0.279272;
407;9;0.279272;
408;9;0.279272;
409;9;0.279272;
410;9;0.279272;
411;9;0.279272;
412;9;0.279272;
413;9;0.279272;
414;9;0.279272;
415;9;0.279272;
416;9;0.279272;
417;9;0.279272;
418;9;0.279272;
419;9;0.279272;
420;9;0.279272;
421;9;0.279272;
422;9;0.279272;
423;9;0.279272;
424;9;0.279272;
425;9;0.279272;
426;9;0.279272;
427;9;0.279272;
428;9;0.279272;
429;9;0.279272;
430;9;0.279272;
431;9;0.279272;
432;9;0.279272;
433;9;0.279272;
434;9;0.279272;
435;9;0.279272;
436;9;0.279272;
437;9;0.279272;
438;9;0.279272;
439;9;0.279272;
440;9;0.279272;
441;9;0.279272;
442;9;0.279272;
443;9;0.279272;
444;9;0.279272;
445;9;0.279272;
446;9;0.279272;
447;9;0.279272;
448;9;0.279272;
449;9;0.279272;
450;9;0.279272;
451;9;0.279272;
452;9;0.279272;
453;9;0.279272;
454;9;0.279272;
455;9;0.279272;
456;9;0.279272;
457;9;0.279272;
458;9;0.279272;
459;9;0.279272;
460;9;0.279272;
461;9;0.279272;
462;9;0.279272;
463;9;0.279272;
464;9;0.279272;
465;9;0.279272;
466;9;0.279272;
467;9;0.279272;
468;9;0.279272;
469;9;0.279272;
470;9;0.279272;
471;9;0.279272;
472;9;0.279272;
473;9;0.279272;
474;9;0.279272;
475;9;0.279272;
476;9;0.279272;
477;9;0.279272;
478;9;0.279272;
479;9;0.279272;
480;9;0.279272;
481;9;0.279272;
482;9;0.279272;
483;9;0.279272;
484;9;0.279272;
485;9;0.279272;
486;9;0.279272;
487;9;0.279272;
488;9;0.279272;
489;9;0.279272;
490;9;0.279272;
491;9;0.279272;
492;9;0.279272;
493;9;0.279272;
494;9;0.279272;
495;9;0.279272;
496;9;0.279272;
497;9;0.279272;
498;9;0.279272;
499;9;0.279272;
0;9;0.460278;
0;10;0.445195;
1;10;0.431365;
2;10;0.418684;
3;10;0.407057;
4;10;0.396395;
5;10;0.386619;
6;10;0.377655;
7;10;0.369436;
8;10;0.361899;
9;10;0.354989;
10;10;0.348652;
11;10;0.342842;
12;10;0.337515;
13;10;0.33263;
14;10;0.328151;
15;10;0.324044;
16;10;0.320278;
17;10;0.316825;
18;10;0.313658;
19;10;0.310755;
20;10;0.308093;
21;10;0.305652;
22;10;0.303414;
23;10;0.301362;
24;10;0.29948;
25;10;0.297755;
26;10;0.296173;
27;10;0.294722;
28;10;0.293392;
29;10;0.292172;
30;10;0.291054;
31;10;0.290028;
32;10;0.289088;
33;10;0.288226;
34;10;0.287435;
35;10;0.28671;
36;10;0.286046;
37;10;0.285436;
38;10;0.284877;
39;10;0.284365;
40;10;0.283895;
41;10;0.283464;
42;10;0.283069;
43;10;0.282707;
44;10;0.282375;
45;10;0.28207;
46;10;0.281791;
47;10;0.281535;
48;10;0.2813;
49;10;0.281085;
50;10;0.280888;
51;10;0.280707;
52;10;0.280541;
53;10;0.280388;
54;10;0.280249;
55;10;0.280121;
56;10;0.280004;
57;10;0.279896;
58;10;0.279798;
59;10;0.279707;
60;10;0.279624;
61;10;0.279548;
62;10;0.279478;
63;10;0.279414;
64;10;0.279356;
65;10;0.279302;
66;10;0.279253;
67;10;0.279208;
68;10;0.279166;
69;10;0.279128;
70;10;0.279093;
71;10;0.279061;
72;10;0.279032;
73;10;0.279005;
74;10;0.278981;
75;10;0.278958;
76;10;0.278937;
77;10;0.278918;
78;10;0.278901;
79;10;0.278885;
80;10;0.27887;
81;10;0.278857;
82;10;0.278845;
83;10;0.278833;
84;10;0.278823;
85;10;0.278813;
86;10;0.278805;
87;10;0.278797;
88;10;0.27879;
89;10;0.278783;
90;10;0.278777;
91;10;0.278771;
92;10;0.278766;
93;10;0.278761;
94;10;0.278757;
95;10;0.278753;
96;10;0.278749;
97;10;0.278746;
98;10;0.278743;
99;10;0.27874;
100;10;1;
101;10;0.940083;
102;10;0.885144;
103;10;0.834768;
104;10;0.788577;
105;10;0.746223;
106;10;0.707388;
107;10;0.671778;
108;10;0.639126;
109;10;0.609187;
110;10;0.581735;
111;10;0.556563;
112;10;0.533482;
113;10;0.512318;
114;10;0.492913;
115;10;0.475119;
116;10;0.458804;
117;10;0.443843;
118;10;0.430126;
119;10;0.417548;
120;10;0.406015;
121;10;0.39544;
122;10;0.385743;
123;10;0.376852;
124;10;0.368699;
125;10;0.361224;
126;10;0.354369;
127;10;0.348084;
128;10;0.342322;
129;10;0.337037;
130;10;0.332192;
131;10;0.327749;
132;10;0.323676;
133;10;0.31994;
134;10;0.316515;
135;10;0.313375;
136;10;0.310495;
137;10;0.307855;
138;10;0.305434;
139;10;0.303214;
140;10;0.301178;
141;10;0.299311;
142;10;0.2976;
143;10;0.296031;
144;10;0.294592;
145;10;0.293272;
146;10;0.292063;
147;10;0.290953;
148;10;0.289936;
149;10;0.289004;
150;10;0.288148;
151;10;0.287364;
152;10;0.286645;
153;10;0.285986;
154;10;0.285382;
155;10;0.284827;
156;10;0.284319;
157;10;0.283853;
158;10;0.283426;
159;10;0.283034;
160;10;0.282675;
161;10;0.282345;
162;10;0.282043;
163;10;0.281766;
164;10;0.281512;
165;10;0.281279;
166;10;0.281066;
167;10;0.28087;
168;10;0.28069;
169;10;0.280526;
170;10;0.280375;
171;10;0.280236;
172;10;0.28011;
173;10;0.279993;
174;10;0.279886;
175;10;0.279789;
176;10;0.279699;
177;10;0.279617;
178;10;0.279541;
179;10;0.279472;
180;10;0.279409;
181;10;0.279351;
182;10;0.279297;
183;10;0.279248;
184;10;0.279204;
185;10;0.279162;
186;10;0.279125;
187;10;0.27909;
188;10;0.279059;
189;10;0.279029;
190;10;0.279003;
191;10;0.278978;
192;10;0.278956;
193;10;0.278935;
194;10;0.278917;
195;10;0.278899;
196;10;0.278884;
197;10;0.278869;
198;10;0.278856;
199;10;0.278844;
200;10;0.278832;
201;10;0.278822;
202;10;0.278813;
203;10;0.278804;
204;10;0.278796;
205;10;0.278789;
206;10;0.278782;
207;10;0.278776;
208;10;0.278771;
209;10;0.278765;
210;10;0.278761;
211;10;0.278756;
212;10;0.278752;
213;10;0.278749;
214;10;0.278745;
215;10;0.278742;
216;10;0.27874;
217;10;0.278737;
218;10;0.278735;
219;10;0.278733;
220;10;0.278731;
221;10;0.278729;
222;10;0.278727;
223;10;0.278726;
224;10;0.278724;
225;10;0.278723;
226;10;0.278722;
227;10;0.278721;
228;10;0.27872;
229;10;0.278719;
230;10;0.278718;
231;10;0.278717;
232;10;0.278716;
233;10;0.278716;
234;10;0.278715;
235;10;0.278715;
236;10;0.278714;
237;10;0.278714;
238;10;0.278713;
239;10;0.278713;
240;10;0.278713;
241;10;0.278712;
242;10;0.278712;
243;10;0.278712;
244;10;0.278711;
245;10;0.278711;
246;10;0.278711;
247;10;0.278711;
248;10;0.278711;
249;10;0.278711;
250;10;0.27871;
251;10;0.27871;
252;10;0.27871;
253;10;0.27871;
254;10;0.27871;
255;10;0.27871;
256;10;0.27871;
257;10;0.27871;
258;10;0.27871;
259;10;0.27871;
260;10;0.278709;
261;10;0.278709;
262;10;0.278709;
263;10;0.278709;
264;10;0.278709;
265;10;0.278709;
266;10;0.278709;
267;10;0.278709;
268;10;0.278709;
269;10;0.278709;
270;10;0.278709;
271;10;0.278709;
272;10;0.278709;
273;10;0.278709;
274;10;0.278709;
275;10;0.278709;
276;10;0.278709;
277;10;0.278709;
278;10;0.278709;
279;10;0.278709;
280;10;0.278709;
281;10;0.278709;
282;10;0.278709;
283;10;0.278709;
284;10;0.278709;
285;10;0.278709;
286;10;0.278709;
287;10;0.278709;
288;10;0.278709;
289;10;0.278709;
290;10;0.278709;
291;10;0.278709;
292;10;0.278709;
293;10;0.278709;
294;10;0.278709;
295;10;0.278709;
296;10;0.278709;
297;10;0.278709;
298;10;0.278709;
299;10;0.278709;
300;10;0.278709;
301;10;0.278709;
302;10;0.278709;
303;10;0.278709;
304;10;0.278709;
305;10;0.278709;
306;10;0.278709;
307;10;0.278709;
308;10;0.278709;
309;10;0.278709;
310;10;0.278709;
311;10;0.278709;
312;10;0.278709;
313;10;0.278709;
314;10;0.278709;
315;10;0.278709;
316;10;0.278709;
317;10;0.278709;
318;10;0.278709;
319;10;0.278709;
320;10;0.278709;
321;10;0.278709;
322;10;0.278709;
323;10;0.278709;
324;10;0.278709;
325;10;0.278709;
326;10;0.278709;
327;10;0.278709;
328;10;0.278709;
329;10;0.278709;
330;10;0.278709;
331;10;0.278709;
332;10;0.278709;
333;10;0.278709;
334;10;0.278709;
335;10;0.278709;
336;10;0.278709;
337;10;0.278709;
338;10;0.278709;
339;10;0.278709;
340;10;0.278709;
341;10;0.278709;
342;10;0.278709;
343;10;0.278709;
344;10;0.278709;
345;10;0.278709;
346;10;0.278709;
347;10;0.278709;
348;10;0.278709;
349;10;0.278709;
350;10;0.278709;
351;10;0.278709;
352;10;0.278709;
353;10;0.278709;
354;10;0.278709;
355;10;0.278709;
356;10;0.278709;
357;10;0.278709;
358;10;0.278709;
359;10;0.278709;
360;10;0.278709;
361;10;0.278709;
362;10;0.278709;
363;10;0.278709;
364;10;0.278709;
365;10;0.278709;
366;10;0.278709;
367;10;0.278709;
368;10;0.278709;
369;10;0.278709;
370;10;0.278709;
371;10;0.278709;
372;10;0.278709;
373;10;0.278709;
374;10;0.278709;
375;10;0.278709;
376;10;0.278709;
377;10;0.278709;
378;10;0.278709;
379;10;0.278709;
380;10;0.278709;
381;10;0.278709;
382;10;0.278709;
383;10;0.278709;
384;10;0.278709;
385;10;0.278709;
386;10;0.278709;
387;10;0.278709;
388;10;0.278709;
389;10;0.278709;
390;10;0.278709;
391;10;0.278709;
392;10;0.278709;
393;10;0.278709;
394;10;0.278709;
395;10;0.278709;
396;10;0.278709;
397;10;0.278709;
398;10;0.278709;
399;10;0.278709;
400;10;0.278709;
401;10;0.278709;
402;10;0.278709;
403;10;0.278709;
404;10;0.278709;
405;10;0.278709;
406;10;0.278709;
407;10;0.278709;
408;10;0.278709;
409;10;0.278709;
410;10;0.278709;
411;10;0.278709;
412;10;0.278709;
413;10;0.278709;
414;10;0.278709;
415;10;0.278709;
416;10;0.278709;
417;10;0.278709;
418;10;0.278709;
419;10;0.278709;
420;10;0.278709;
421;10;0.278709;
422;10;0.278709;
423;10;0.278709;
424;10;0.278709;
425;10;0.278709;
426;10;0.278709;
427;10;0.278709;
428;10;0.278709;
429;10;0.278709;
430;10;0.278709;
431;10;0.278709;
432;10;0.278709;
433;10;0.278709;
434;10;0.278709;
435;10;0.278709;
436;10;0.278709;
437;10;0.278709;
438;10;0.278709;
439;10;0.278709;
440;10;0.278709;
441;10;0.278709;
442;10;0.278709;
443;10;0.278709;
444;10;0.278709;
445;10;0.278709;
446;10;0.278709;
447;10;0.278709;
448;10;0.278709;
449;10;0.278709;
450;10;0.278709;
451;10;0.278709;
452;10;0.278709;
453;10;0.278709;
454;10;0.278709;
455;10;0.278709;
456;10;0.278709;
457;10;0.278709;
458;10;0.278709;
459;10;0.278709;
460;10;0.278709;
461;10;0.278709;
462;10;0.278709;
463;10;0.278709;
464;10;0.278709;
465;10;0.278709;
466;10;0.278709;
467;10;0.278709;
468;10;0.278709;
469;10;0.278709;
470;10;0.278709;
471;10;0.278709;
472;10;0.278709;
473;10;0.278709;
474;10;0.278709;
475;10;0.278709;
476;10;0.278709;
477;10;0.278709;
478;10;0.278709;
479;10;0.278709;
480;10;0.278709;
481;10;0.278709;
482;10;0.278709;
483;10;0.278709;
484;10;0.278709;
485;10;0.278709;
486;10;0.278709;
487;10;0.278709;
488;10;0.278709;
489;10;0.278709;
490;10;0.278709;
491;10;0.278709;
492;10;0.278709;
493;10;0.278709;
494;10;0.278709;
495;10;0.278709;
496;10;0.278709;
497;10;0.278709;
498;10;0.278709;
499;10;0.278709;
